dt,Sunlight,Workday
2013-01-01 00:00:00,570.0422215,0
2013-01-02 00:00:00,570.7683123,1
2013-01-03 00:00:00,571.553197,1
2013-01-04 00:00:00,572.3961454,1
2013-01-05 00:00:00,573.2963803,0
2013-01-06 00:00:00,574.2530802,0
2013-01-07 00:00:00,575.2653814,1
2013-01-08 00:00:00,576.332381,1
2013-01-09 00:00:00,577.4531398,1
2013-01-10 00:00:00,578.626685,1
2013-01-11 00:00:00,579.8520131,1
2013-01-12 00:00:00,581.1280928,0
2013-01-13 00:00:00,582.4538676,0
2013-01-14 00:00:00,583.8282592,1
2013-01-15 00:00:00,585.25017,1
2013-01-16 00:00:00,586.718486,1
2013-01-17 00:00:00,588.2320793,1
2013-01-18 00:00:00,589.7898114,1
2013-01-19 00:00:00,591.3905351,0
2013-01-20 00:00:00,593.0330975,0
2013-01-21 00:00:00,594.7163423,0
2013-01-22 00:00:00,596.4391122,1
2013-01-23 00:00:00,598.200251,1
2013-01-24 00:00:00,599.9986059,1
2013-01-25 00:00:00,601.8330296,1
2013-01-26 00:00:00,603.7023817,0
2013-01-27 00:00:00,605.6055313,0
2013-01-28 00:00:00,607.5413579,1
2013-01-29 00:00:00,609.5087534,1
2013-01-30 00:00:00,611.5066233,1
2013-01-31 00:00:00,613.5338882,1
2013-02-01 00:00:00,615.589485,1
2013-02-02 00:00:00,617.6723675,0
2013-02-03 00:00:00,619.7815082,0
2013-02-04 00:00:00,621.9158982,1
2013-02-05 00:00:00,624.0745487,1
2013-02-06 00:00:00,626.2564914,1
2013-02-07 00:00:00,628.4607787,1
2013-02-08 00:00:00,630.6864846,1
2013-02-09 00:00:00,632.9327049,0
2013-02-10 00:00:00,635.1985573,0
2013-02-11 00:00:00,637.4831818,1
2013-02-12 00:00:00,639.7857406,1
2013-02-13 00:00:00,642.1054182,1
2013-02-14 00:00:00,644.4414214,1
2013-02-15 00:00:00,646.7929793,1
2013-02-16 00:00:00,649.1593427,0
2013-02-17 00:00:00,651.5397844,0
2013-02-18 00:00:00,653.9335983,0
2013-02-19 00:00:00,656.3400998,1
2013-02-20 00:00:00,658.7586248,1
2013-02-21 00:00:00,661.1885296,1
2013-02-22 00:00:00,663.6291903,1
2013-02-23 00:00:00,666.0800024,0
2013-02-24 00:00:00,668.5403803,0
2013-02-25 00:00:00,671.0097565,1
2013-02-26 00:00:00,673.4875814,1
2013-02-27 00:00:00,675.9733224,1
2013-02-28 00:00:00,678.4664633,1
2013-03-01 00:00:00,680.9665041,1
2013-03-02 00:00:00,683.4729595,0
2013-03-03 00:00:00,685.9853591,0
2013-03-04 00:00:00,688.5032461,1
2013-03-05 00:00:00,691.0261771,1
2013-03-06 00:00:00,693.5537209,1
2013-03-07 00:00:00,696.0854582,1
2013-03-08 00:00:00,698.6209807,1
2013-03-09 00:00:00,701.1598905,0
2013-03-10 00:00:00,703.7017993,0
2013-03-11 00:00:00,706.2463275,1
2013-03-12 00:00:00,708.7931039,1
2013-03-13 00:00:00,711.3417647,1
2013-03-14 00:00:00,713.8919527,1
2013-03-15 00:00:00,716.4433169,1
2013-03-16 00:00:00,718.9955115,0
2013-03-17 00:00:00,721.5481952,0
2013-03-18 00:00:00,724.1010307,1
2013-03-19 00:00:00,726.6536837,1
2013-03-20 00:00:00,729.2058225,1
2013-03-21 00:00:00,731.7571169,1
2013-03-22 00:00:00,734.307238,1
2013-03-23 00:00:00,736.855857,0
2013-03-24 00:00:00,739.4026448,0
2013-03-25 00:00:00,741.9472713,1
2013-03-26 00:00:00,744.4894046,1
2013-03-27 00:00:00,747.0287105,1
2013-03-28 00:00:00,749.5648516,1
2013-03-29 00:00:00,752.0974867,1
2013-03-30 00:00:00,754.6262703,0
2013-03-31 00:00:00,757.1508518,0
2013-04-01 00:00:00,759.6708747,1
2013-04-02 00:00:00,762.1859765,1
2013-04-03 00:00:00,764.6957874,1
2013-04-04 00:00:00,767.19993,1
2013-04-05 00:00:00,769.6980189,1
2013-04-06 00:00:00,772.1896597,0
2013-04-07 00:00:00,774.6744485,0
2013-04-08 00:00:00,777.1519717,1
2013-04-09 00:00:00,779.6218048,1
2013-04-10 00:00:00,782.0835122,1
2013-04-11 00:00:00,784.536647,1
2013-04-12 00:00:00,786.9807497,1
2013-04-13 00:00:00,789.4153483,0
2013-04-14 00:00:00,791.8399577,0
2013-04-15 00:00:00,794.2540788,1
2013-04-16 00:00:00,796.6571989,0
2013-04-17 00:00:00,799.0487904,1
2013-04-18 00:00:00,801.4283111,1
2013-04-19 00:00:00,803.7952033,1
2013-04-20 00:00:00,806.1488937,0
2013-04-21 00:00:00,808.4887933,0
2013-04-22 00:00:00,810.8142966,1
2013-04-23 00:00:00,813.1247821,1
2013-04-24 00:00:00,815.4196111,1
2013-04-25 00:00:00,817.6981287,1
2013-04-26 00:00:00,819.9596628,1
2013-04-27 00:00:00,822.2035242,0
2013-04-28 00:00:00,824.429007,0
2013-04-29 00:00:00,826.6353882,1
2013-04-30 00:00:00,828.8219279,1
2013-05-01 00:00:00,830.9878695,1
2013-05-02 00:00:00,833.13244,1
2013-05-03 00:00:00,835.2548497,1
2013-05-04 00:00:00,837.3542935,0
2013-05-05 00:00:00,839.4299502,0
2013-05-06 00:00:00,841.4809839,1
2013-05-07 00:00:00,843.5065439,1
2013-05-08 00:00:00,845.5057655,1
2013-05-09 00:00:00,847.4777709,1
2013-05-10 00:00:00,849.4216694,1
2013-05-11 00:00:00,851.336559,0
2013-05-12 00:00:00,853.2215265,0
2013-05-13 00:00:00,855.0756491,1
2013-05-14 00:00:00,856.8979953,1
2013-05-15 00:00:00,858.6876258,1
2013-05-16 00:00:00,860.443595,1
2013-05-17 00:00:00,862.1649523,1
2013-05-18 00:00:00,863.8507434,0
2013-05-19 00:00:00,865.5000118,0
2013-05-20 00:00:00,867.1118003,1
2013-05-21 00:00:00,868.6851527,1
2013-05-22 00:00:00,870.2191152,1
2013-05-23 00:00:00,871.7127387,1
2013-05-24 00:00:00,873.1650801,1
2013-05-25 00:00:00,874.5752043,0
2013-05-26 00:00:00,875.9421862,0
2013-05-27 00:00:00,877.2651125,0
2013-05-28 00:00:00,878.5430839,1
2013-05-29 00:00:00,879.7752169,1
2013-05-30 00:00:00,880.960646,1
2013-05-31 00:00:00,882.0985256,1
2013-06-01 00:00:00,883.1880323,0
2013-06-02 00:00:00,884.2283667,0
2013-06-03 00:00:00,885.2187555,1
2013-06-04 00:00:00,886.1584537,1
2013-06-05 00:00:00,887.0467463,1
2013-06-06 00:00:00,887.8829505,1
2013-06-07 00:00:00,888.6664174,1
2013-06-08 00:00:00,889.3965339,0
2013-06-09 00:00:00,890.0727245,0
2013-06-10 00:00:00,890.6944528,1
2013-06-11 00:00:00,891.2612234,1
2013-06-12 00:00:00,891.7725829,1
2013-06-13 00:00:00,892.2281217,1
2013-06-14 00:00:00,892.627475,1
2013-06-15 00:00:00,892.970324,0
2013-06-16 00:00:00,893.2563968,0
2013-06-17 00:00:00,893.4854694,1
2013-06-18 00:00:00,893.6573662,1
2013-06-19 00:00:00,893.7719606,1
2013-06-20 00:00:00,893.8291757,1
2013-06-21 00:00:00,893.8289839,1
2013-06-22 00:00:00,893.7714076,0
2013-06-23 00:00:00,893.6565189,0
2013-06-24 00:00:00,893.4844393,1
2013-06-25 00:00:00,893.2553394,1
2013-06-26 00:00:00,892.9694381,1
2013-06-27 00:00:00,892.6270025,1
2013-06-28 00:00:00,892.2283464,1
2013-06-29 00:00:00,891.7738298,0
2013-06-30 00:00:00,891.2638576,0
2013-07-01 00:00:00,890.6988784,1
2013-07-02 00:00:00,890.0793829,1
2013-07-03 00:00:00,889.4059029,1
2013-07-04 00:00:00,888.6790096,0
2013-07-05 00:00:00,887.8993114,1
2013-07-06 00:00:00,887.0674531,0
2013-07-07 00:00:00,886.1841132,0
2013-07-08 00:00:00,885.2500025,1
2013-07-09 00:00:00,884.2658621,1
2013-07-10 00:00:00,883.2324613,1
2013-07-11 00:00:00,882.1505958,1
2013-07-12 00:00:00,881.0210853,1
2013-07-13 00:00:00,879.8447719,0
2013-07-14 00:00:00,878.6225176,0
2013-07-15 00:00:00,877.3552025,1
2013-07-16 00:00:00,876.0437228,1
2013-07-17 00:00:00,874.6889888,1
2013-07-18 00:00:00,873.2919225,1
2013-07-19 00:00:00,871.8534563,1
2013-07-20 00:00:00,870.3745305,0
2013-07-21 00:00:00,868.8560917,0
2013-07-22 00:00:00,867.2990913,1
2013-07-23 00:00:00,865.704483,1
2013-07-24 00:00:00,864.0732218,1
2013-07-25 00:00:00,862.4062621,1
2013-07-26 00:00:00,860.7045562,1
2013-07-27 00:00:00,858.9690529,0
2013-07-28 00:00:00,857.2006958,0
2013-07-29 00:00:00,855.4004224,1
2013-07-30 00:00:00,853.5691626,1
2013-07-31 00:00:00,851.7078377,1
2013-08-01 00:00:00,849.8173593,1
2013-08-02 00:00:00,847.8986279,1
2013-08-03 00:00:00,845.9525328,0
2013-08-04 00:00:00,843.9799503,0
2013-08-05 00:00:00,841.9817438,1
2013-08-06 00:00:00,839.9587626,1
2013-08-07 00:00:00,837.9118412,1
2013-08-08 00:00:00,835.8417994,1
2013-08-09 00:00:00,833.749441,1
2013-08-10 00:00:00,831.6355541,0
2013-08-11 00:00:00,829.5009102,0
2013-08-12 00:00:00,827.3462643,1
2013-08-13 00:00:00,825.1723546,1
2013-08-14 00:00:00,822.9799023,1
2013-08-15 00:00:00,820.7696114,1
2013-08-16 00:00:00,818.542169,1
2013-08-17 00:00:00,816.2982448,0
2013-08-18 00:00:00,814.0384916,0
2013-08-19 00:00:00,811.7635451,1
2013-08-20 00:00:00,809.4740242,1
2013-08-21 00:00:00,807.1705312,1
2013-08-22 00:00:00,804.8536518,1
2013-08-23 00:00:00,802.5239555,1
2013-08-24 00:00:00,800.1819959,0
2013-08-25 00:00:00,797.8283111,0
2013-08-26 00:00:00,795.4634239,1
2013-08-27 00:00:00,793.0878419,1
2013-08-28 00:00:00,790.7020585,1
2013-08-29 00:00:00,788.306553,1
2013-08-30 00:00:00,785.9017909,1
2013-08-31 00:00:00,783.4882245,0
2013-09-01 00:00:00,781.0662936,0
2013-09-02 00:00:00,778.6364254,0
2013-09-03 00:00:00,776.1990356,1
2013-09-04 00:00:00,773.7545288,1
2013-09-05 00:00:00,771.3032986,1
2013-09-06 00:00:00,768.8457289,1
2013-09-07 00:00:00,766.3821935,0
2013-09-08 00:00:00,763.9130578,0
2013-09-09 00:00:00,761.4386782,1
2013-09-10 00:00:00,758.9594037,1
2013-09-11 00:00:00,756.4755758,1
2013-09-12 00:00:00,753.9875295,1
2013-09-13 00:00:00,751.4955937,1
2013-09-14 00:00:00,749.0000918,0
2013-09-15 00:00:00,746.5013426,0
2013-09-16 00:00:00,743.9996606,1
2013-09-17 00:00:00,741.4953566,1
2013-09-18 00:00:00,738.9887389,1
2013-09-19 00:00:00,736.4801133,1
2013-09-20 00:00:00,733.9697838,1
2013-09-21 00:00:00,731.4580538,0
2013-09-22 00:00:00,728.9452261,0
2013-09-23 00:00:00,726.4316041,1
2013-09-24 00:00:00,723.9174921,1
2013-09-25 00:00:00,721.4031961,1
2013-09-26 00:00:00,718.8890243,1
2013-09-27 00:00:00,716.3752882,1
2013-09-28 00:00:00,713.862303,0
2013-09-29 00:00:00,711.350388,0
2013-09-30 00:00:00,708.8398678,1
2013-10-01 00:00:00,706.3310728,1
2013-10-02 00:00:00,703.8243398,1
2013-10-03 00:00:00,701.3200127,1
2013-10-04 00:00:00,698.8184432,1
2013-10-05 00:00:00,696.3199917,0
2013-10-06 00:00:00,693.8250276,0
2013-10-07 00:00:00,691.3339304,1
2013-10-08 00:00:00,688.8470901,1
2013-10-09 00:00:00,686.364908,1
2013-10-10 00:00:00,683.8877975,1
2013-10-11 00:00:00,681.4161843,1
2013-10-12 00:00:00,678.9505078,0
2013-10-13 00:00:00,676.4912213,0
2013-10-14 00:00:00,674.0387925,0
2013-10-15 00:00:00,671.5937048,1
2013-10-16 00:00:00,669.1564572,1
2013-10-17 00:00:00,666.7275654,1
2013-10-18 00:00:00,664.3075623,1
2013-10-19 00:00:00,661.8969984,0
2013-10-20 00:00:00,659.4964427,0
2013-10-21 00:00:00,657.1064829,1
2013-10-22 00:00:00,654.7277262,1
2013-10-23 00:00:00,652.3607996,1
2013-10-24 00:00:00,650.0063504,1
2013-10-25 00:00:00,647.6650468,1
2013-10-26 00:00:00,645.337578,0
2013-10-27 00:00:00,643.0246546,0
2013-10-28 00:00:00,640.7270092,1
2013-10-29 00:00:00,638.4453963,1
2013-10-30 00:00:00,636.1805925,1
2013-10-31 00:00:00,633.9333969,1
2013-11-01 00:00:00,631.704631,1
2013-11-02 00:00:00,629.4951386,0
2013-11-03 00:00:00,627.305786,0
2013-11-04 00:00:00,625.1374617,1
2013-11-05 00:00:00,622.991076,1
2013-11-06 00:00:00,620.867561,1
2013-11-07 00:00:00,618.7678703,1
2013-11-08 00:00:00,616.6929779,1
2013-11-09 00:00:00,614.6438784,0
2013-11-10 00:00:00,612.6215856,0
2013-11-11 00:00:00,610.6271323,0
2013-11-12 00:00:00,608.6615688,1
2013-11-13 00:00:00,606.7259627,1
2013-11-14 00:00:00,604.8213969,1
2013-11-15 00:00:00,602.9489688,1
2013-11-16 00:00:00,601.1097892,0
2013-11-17 00:00:00,599.3049801,0
2013-11-18 00:00:00,597.5356737,1
2013-11-19 00:00:00,595.8030106,1
2013-11-20 00:00:00,594.1081378,1
2013-11-21 00:00:00,592.4522066,1
2013-11-22 00:00:00,590.8363709,1
2013-11-23 00:00:00,589.2617849,0
2013-11-24 00:00:00,587.7296007,0
2013-11-25 00:00:00,586.2409661,1
2013-11-26 00:00:00,584.7970216,1
2013-11-27 00:00:00,583.3988988,1
2013-11-28 00:00:00,582.0477168,0
2013-11-29 00:00:00,580.7445799,1
2013-11-30 00:00:00,579.490575,0
2013-12-01 00:00:00,578.2867685,0
2013-12-02 00:00:00,577.1342033,1
2013-12-03 00:00:00,576.0338966,1
2013-12-04 00:00:00,574.9868361,1
2013-12-05 00:00:00,573.993978,1
2013-12-06 00:00:00,573.0562434,1
2013-12-07 00:00:00,572.1745162,0
2013-12-08 00:00:00,571.3496396,0
2013-12-09 00:00:00,570.5824141,1
2013-12-10 00:00:00,569.8735945,1
2013-12-11 00:00:00,569.2238874,1
2013-12-12 00:00:00,568.6339492,1
2013-12-13 00:00:00,568.1043832,1
2013-12-14 00:00:00,567.6357384,0
2013-12-15 00:00:00,567.2285066,0
2013-12-16 00:00:00,566.8831216,1
2013-12-17 00:00:00,566.5999569,1
2013-12-18 00:00:00,566.3793248,1
2013-12-19 00:00:00,566.221475,1
2013-12-20 00:00:00,566.1265941,1
2013-12-21 00:00:00,566.0948042,0
2013-12-22 00:00:00,566.1261632,0
2013-12-23 00:00:00,566.2206641,1
2013-12-24 00:00:00,566.3782353,1
2013-12-25 00:00:00,566.5987405,0
2013-12-26 00:00:00,566.8819797,1
2013-12-27 00:00:00,567.2276894,1
2013-12-28 00:00:00,567.6355438,0
2013-12-29 00:00:00,568.1051562,0
2013-12-30 00:00:00,568.6360799,1
2013-12-31 00:00:00,569.2278102,1
2014-01-01 00:00:00,569.8797857,0
2014-01-02 00:00:00,570.591391,1
2014-01-03 00:00:00,571.3619578,1
2014-01-04 00:00:00,572.1907683,0
2014-01-05 00:00:00,573.0770566,0
2014-01-06 00:00:00,574.0200116,1
2014-01-07 00:00:00,575.0187799,1
2014-01-08 00:00:00,576.0724682,1
2014-01-09 00:00:00,577.1801458,1
2014-01-10 00:00:00,578.3408481,1
2014-01-11 00:00:00,579.5535788,0
2014-01-12 00:00:00,580.8173132,0
2014-01-13 00:00:00,582.131001,1
2014-01-14 00:00:00,583.493569,1
2014-01-15 00:00:00,584.9039242,1
2014-01-16 00:00:00,586.3609563,1
2014-01-17 00:00:00,587.8635409,1
2014-01-18 00:00:00,589.4105417,0
2014-01-19 00:00:00,591.0008137,0
2014-01-20 00:00:00,592.6332051,0
2014-01-21 00:00:00,594.3065604,1
2014-01-22 00:00:00,596.0197225,1
2014-01-23 00:00:00,597.7715347,1
2014-01-24 00:00:00,599.5608435,1
2014-01-25 00:00:00,601.3864998,0
2014-01-26 00:00:00,603.2473618,0
2014-01-27 00:00:00,605.1422959,1
2014-01-28 00:00:00,607.0701792,1
2014-01-29 00:00:00,609.0299005,1
2014-01-30 00:00:00,611.0203619,1
2014-01-31 00:00:00,613.0404803,1
2014-02-01 00:00:00,615.0891884,0
2014-02-02 00:00:00,617.1654362,0
2014-02-03 00:00:00,619.2681912,1
2014-02-04 00:00:00,621.3964403,1
2014-02-05 00:00:00,623.5491896,1
2014-02-06 00:00:00,625.7254657,1
2014-02-07 00:00:00,627.9243162,1
2014-02-08 00:00:00,630.1448097,0
2014-02-09 00:00:00,632.3860366,0
2014-02-10 00:00:00,634.6471094,1
2014-02-11 00:00:00,636.9271626,1
2014-02-12 00:00:00,639.2253531,1
2014-02-13 00:00:00,641.5408599,1
2014-02-14 00:00:00,643.8728844,1
2014-02-15 00:00:00,646.2206503,0
2014-02-16 00:00:00,648.5834031,0
2014-02-17 00:00:00,650.9604103,0
2014-02-18 00:00:00,653.3509607,1
2014-02-19 00:00:00,655.7543645,1
2014-02-20 00:00:00,658.1699525,1
2014-02-21 00:00:00,660.5970763,1
2014-02-22 00:00:00,663.035107,0
2014-02-23 00:00:00,665.4834356,0
2014-02-24 00:00:00,667.9414718,1
2014-02-25 00:00:00,670.4086437,1
2014-02-26 00:00:00,672.8843975,1
2014-02-27 00:00:00,675.3681964,1
2014-02-28 00:00:00,677.8595203,1
2014-03-01 00:00:00,680.3578653,0
2014-03-02 00:00:00,682.8627425,0
2014-03-03 00:00:00,685.3736779,1
2014-03-04 00:00:00,687.8902116,1
2014-03-05 00:00:00,690.4118967,1
2014-03-06 00:00:00,692.9382993,1
2014-03-07 00:00:00,695.4689971,1
2014-03-08 00:00:00,698.0035793,0
2014-03-09 00:00:00,700.5416454,0
2014-03-10 00:00:00,703.0828047,1
2014-03-11 00:00:00,705.6266757,1
2014-03-12 00:00:00,708.1728852,1
2014-03-13 00:00:00,710.7210675,1
2014-03-14 00:00:00,713.2708639,1
2014-03-15 00:00:00,715.821922,0
2014-03-16 00:00:00,718.3738946,0
2014-03-17 00:00:00,720.9264395,1
2014-03-18 00:00:00,723.4792184,1
2014-03-19 00:00:00,726.0318963,1
2014-03-20 00:00:00,728.5841408,1
2014-03-21 00:00:00,731.1356216,1
2014-03-22 00:00:00,733.6860093,0
2014-03-23 00:00:00,736.2349752,0
2014-03-24 00:00:00,738.7821903,1
2014-03-25 00:00:00,741.3273249,1
2014-03-26 00:00:00,743.8700474,1
2014-03-27 00:00:00,746.4100243,1
2014-03-28 00:00:00,748.9469189,1
2014-03-29 00:00:00,751.480391,0
2014-03-30 00:00:00,754.0100962,0
2014-03-31 00:00:00,756.5356852,1
2014-04-01 00:00:00,759.0568029,1
2014-04-02 00:00:00,761.5730884,1
2014-04-03 00:00:00,764.0841736,1
2014-04-04 00:00:00,766.5896831,1
2014-04-05 00:00:00,769.0892333,0
2014-04-06 00:00:00,771.5824322,0
2014-04-07 00:00:00,774.0688782,1
2014-04-08 00:00:00,776.5481599,1
2014-04-09 00:00:00,779.0198557,1
2014-04-10 00:00:00,781.4835328,1
2014-04-11 00:00:00,783.9387469,1
2014-04-12 00:00:00,786.3850416,0
2014-04-13 00:00:00,788.821948,0
2014-04-14 00:00:00,791.2489842,1
2014-04-15 00:00:00,793.6656547,1
2014-04-16 00:00:00,796.0714499,0
2014-04-17 00:00:00,798.4658459,1
2014-04-18 00:00:00,800.8483042,1
2014-04-19 00:00:00,803.2182708,0
2014-04-20 00:00:00,805.5751762,0
2014-04-21 00:00:00,807.9184353,1
2014-04-22 00:00:00,810.2474466,1
2014-04-23 00:00:00,812.5615925,1
2014-04-24 00:00:00,814.8602385,1
2014-04-25 00:00:00,817.1427337,1
2014-04-26 00:00:00,819.40841,0
2014-04-27 00:00:00,821.6565827,0
2014-04-28 00:00:00,823.8865497,1
2014-04-29 00:00:00,826.0975922,1
2014-04-30 00:00:00,828.2889745,1
2014-05-01 00:00:00,830.459944,1
2014-05-02 00:00:00,832.6097316,1
2014-05-03 00:00:00,834.7375519,0
2014-05-04 00:00:00,836.8426032,0
2014-05-05 00:00:00,838.9240685,1
2014-05-06 00:00:00,840.9811152,1
2014-05-07 00:00:00,843.0128963,1
2014-05-08 00:00:00,845.0185505,1
2014-05-09 00:00:00,846.997203,1
2014-05-10 00:00:00,848.9479663,0
2014-05-11 00:00:00,850.8699411,0
2014-05-12 00:00:00,852.7622169,1
2014-05-13 00:00:00,854.6238732,1
2014-05-14 00:00:00,856.4539803,1
2014-05-15 00:00:00,858.251601,1
2014-05-16 00:00:00,860.0157912,1
2014-05-17 00:00:00,861.7456012,0
2014-05-18 00:00:00,863.4400777,0
2014-05-19 00:00:00,865.0982645,1
2014-05-20 00:00:00,866.7192045,1
2014-05-21 00:00:00,868.3019413,1
2014-05-22 00:00:00,869.8455203,1
2014-05-23 00:00:00,871.3489912,1
2014-05-24 00:00:00,872.8114093,0
2014-05-25 00:00:00,874.2318375,0
2014-05-26 00:00:00,875.609348,0
2014-05-27 00:00:00,876.9430247,1
2014-05-28 00:00:00,878.2319647,1
2014-05-29 00:00:00,879.4752805,1
2014-05-30 00:00:00,880.6721022,1
2014-05-31 00:00:00,881.8215792,0
2014-06-01 00:00:00,882.9228825,0
2014-06-02 00:00:00,883.9752068,1
2014-06-03 00:00:00,884.9777723,1
2014-06-04 00:00:00,885.9298271,1
2014-06-05 00:00:00,886.8306487,1
2014-06-06 00:00:00,887.6795463,1
2014-06-07 00:00:00,888.4758628,0
2014-06-08 00:00:00,889.2189763,0
2014-06-09 00:00:00,889.9083019,1
2014-06-10 00:00:00,890.5432938,1
2014-06-11 00:00:00,891.1234464,1
2014-06-12 00:00:00,891.6482961,1
2014-06-13 00:00:00,892.1174225,1
2014-06-14 00:00:00,892.53045,0
2014-06-15 00:00:00,892.8870484,0
2014-06-16 00:00:00,893.1869345,1
2014-06-17 00:00:00,893.4298725,1
2014-06-18 00:00:00,893.615675,1
2014-06-19 00:00:00,893.7442037,1
2014-06-20 00:00:00,893.8153694,1
2014-06-21 00:00:00,893.8291326,0
2014-06-22 00:00:00,893.7855036,0
2014-06-23 00:00:00,893.6845424,1
2014-06-24 00:00:00,893.5263586,1
2014-06-25 00:00:00,893.3111108,1
2014-06-26 00:00:00,893.0390063,1
2014-06-27 00:00:00,892.7103006,1
2014-06-28 00:00:00,892.3252961,0
2014-06-29 00:00:00,891.8843419,0
2014-06-30 00:00:00,891.3878318,1
2014-07-01 00:00:00,890.836204,1
2014-07-02 00:00:00,890.2299392,1
2014-07-03 00:00:00,889.5695592,1
2014-07-04 00:00:00,888.8556256,0
2014-07-05 00:00:00,888.0887382,0
2014-07-06 00:00:00,887.2695329,0
2014-07-07 00:00:00,886.3986802,1
2014-07-08 00:00:00,885.4768832,1
2014-07-09 00:00:00,884.5048757,1
2014-07-10 00:00:00,883.4834204,1
2014-07-11 00:00:00,882.4133066,1
2014-07-12 00:00:00,881.2953483,0
2014-07-13 00:00:00,880.1303824,0
2014-07-14 00:00:00,878.9192662,1
2014-07-15 00:00:00,877.6628754,1
2014-07-16 00:00:00,876.3621026,1
2014-07-17 00:00:00,875.0178547,1
2014-07-18 00:00:00,873.631051,1
2014-07-19 00:00:00,872.2026215,0
2014-07-20 00:00:00,870.7335046,0
2014-07-21 00:00:00,869.2246457,1
2014-07-22 00:00:00,867.6769949,1
2014-07-23 00:00:00,866.0915056,1
2014-07-24 00:00:00,864.4691325,1
2014-07-25 00:00:00,862.8108303,1
2014-07-26 00:00:00,861.1175518,0
2014-07-27 00:00:00,859.3902467,0
2014-07-28 00:00:00,857.6298601,1
2014-07-29 00:00:00,855.8373309,1
2014-07-30 00:00:00,854.013591,1
2014-07-31 00:00:00,852.1595638,1
2014-08-01 00:00:00,850.2761633,1
2014-08-02 00:00:00,848.3642927,0
2014-08-03 00:00:00,846.4248441,0
2014-08-04 00:00:00,844.458697,1
2014-08-05 00:00:00,842.4667179,1
2014-08-06 00:00:00,840.4497595,1
2014-08-07 00:00:00,838.4086601,1
2014-08-08 00:00:00,836.3442429,1
2014-08-09 00:00:00,834.2573156,0
2014-08-10 00:00:00,832.1486702,0
2014-08-11 00:00:00,830.0190821,1
2014-08-12 00:00:00,827.8693105,1
2014-08-13 00:00:00,825.7000975,1
2014-08-14 00:00:00,823.5121684,1
2014-08-15 00:00:00,821.3062315,1
2014-08-16 00:00:00,819.0829778,0
2014-08-17 00:00:00,816.8430814,0
2014-08-18 00:00:00,814.587199,1
2014-08-19 00:00:00,812.3159705,1
2014-08-20 00:00:00,810.0300188,1
2014-08-21 00:00:00,807.7299503,1
2014-08-22 00:00:00,805.4163546,1
2014-08-23 00:00:00,803.0898051,0
2014-08-24 00:00:00,800.7508593,0
2014-08-25 00:00:00,798.4000589,1
2014-08-26 00:00:00,796.0379304,1
2014-08-27 00:00:00,793.6649851,1
2014-08-28 00:00:00,791.2817198,1
2014-08-29 00:00:00,788.8886171,1
2014-08-30 00:00:00,786.4861459,0
2014-08-31 00:00:00,784.0747617,0
2014-09-01 00:00:00,781.654907,0
2014-09-02 00:00:00,779.2270123,1
2014-09-03 00:00:00,776.791496,1
2014-09-04 00:00:00,774.3487653,1
2014-09-05 00:00:00,771.8992164,1
2014-09-06 00:00:00,769.4432354,0
2014-09-07 00:00:00,766.9811988,0
2014-09-08 00:00:00,764.5134736,1
2014-09-09 00:00:00,762.0404186,1
2014-09-10 00:00:00,759.5623845,1
2014-09-11 00:00:00,757.0797145,1
2014-09-12 00:00:00,754.5927452,1
2014-09-13 00:00:00,752.1018068,0
2014-09-14 00:00:00,749.6072241,0
2014-09-15 00:00:00,747.109317,1
2014-09-16 00:00:00,744.6084007,1
2014-09-17 00:00:00,742.1047873,1
2014-09-18 00:00:00,739.5987852,1
2014-09-19 00:00:00,737.0907009,1
2014-09-20 00:00:00,734.5808389,0
2014-09-21 00:00:00,732.0695026,0
2014-09-22 00:00:00,729.5569949,1
2014-09-23 00:00:00,727.043619,1
2014-09-24 00:00:00,724.5296788,1
2014-09-25 00:00:00,722.0154798,1
2014-09-26 00:00:00,719.5013299,1
2014-09-27 00:00:00,716.9875394,0
2014-09-28 00:00:00,714.4744227,0
2014-09-29 00:00:00,711.962298,1
2014-09-30 00:00:00,709.4514886,1
2014-10-01 00:00:00,706.9423233,1
2014-10-02 00:00:00,704.4351373,1
2014-10-03 00:00:00,701.9302727,1
2014-10-04 00:00:00,699.4280794,0
2014-10-05 00:00:00,696.9289154,0
2014-10-06 00:00:00,694.4331479,1
2014-10-07 00:00:00,691.9411539,1
2014-10-08 00:00:00,689.4533207,1
2014-10-09 00:00:00,686.9700468,1
2014-10-10 00:00:00,684.4917426,1
2014-10-11 00:00:00,682.0188307,0
2014-10-12 00:00:00,679.5517472,0
2014-10-13 00:00:00,677.0909417,0
2014-10-14 00:00:00,674.6368786,1
2014-10-15 00:00:00,672.1900371,1
2014-10-16 00:00:00,669.7509125,1
2014-10-17 00:00:00,667.3200164,1
2014-10-18 00:00:00,664.8978773,0
2014-10-19 00:00:00,662.4850415,0
2014-10-20 00:00:00,660.0820732,1
2014-10-21 00:00:00,657.6895556,1
2014-10-22 00:00:00,655.308091,1
2014-10-23 00:00:00,652.9383016,1
2014-10-24 00:00:00,650.5808296,1
2014-10-25 00:00:00,648.2363381,0
2014-10-26 00:00:00,645.905511,0
2014-10-27 00:00:00,643.5890538,1
2014-10-28 00:00:00,641.2876935,1
2014-10-29 00:00:00,639.0021792,1
2014-10-30 00:00:00,636.7332822,1
2014-10-31 00:00:00,634.481796,1
2014-11-01 00:00:00,632.2485365,0
2014-11-02 00:00:00,630.0343422,0
2014-11-03 00:00:00,627.8400737,1
2014-11-04 00:00:00,625.666614,1
2014-11-05 00:00:00,623.5148683,1
2014-11-06 00:00:00,621.3857632,1
2014-11-07 00:00:00,619.280247,1
2014-11-08 00:00:00,617.1992889,0
2014-11-09 00:00:00,615.1438783,0
2014-11-10 00:00:00,613.1150244,1
2014-11-11 00:00:00,611.1137552,0
2014-11-12 00:00:00,609.1411171,1
2014-11-13 00:00:00,607.1981733,1
2014-11-14 00:00:00,605.286003,1
2014-11-15 00:00:00,603.4057002,0
2014-11-16 00:00:00,601.5583724,0
2014-11-17 00:00:00,599.7451389,1
2014-11-18 00:00:00,597.9671297,1
2014-11-19 00:00:00,596.2254833,1
2014-11-20 00:00:00,594.5213452,1
2014-11-21 00:00:00,592.8558658,1
2014-11-22 00:00:00,591.2301986,0
2014-11-23 00:00:00,589.6454977,0
2014-11-24 00:00:00,588.102916,1
2014-11-25 00:00:00,586.6036023,1
2014-11-26 00:00:00,585.1486992,1
2014-11-27 00:00:00,583.7393407,0
2014-11-28 00:00:00,582.3766489,1
2014-11-29 00:00:00,581.0617321,0
2014-11-30 00:00:00,579.7956816,0
2014-12-01 00:00:00,578.579569,1
2014-12-02 00:00:00,577.4144431,1
2014-12-03 00:00:00,576.3013276,1
2014-12-04 00:00:00,575.2412176,1
2014-12-05 00:00:00,574.2350771,1
2014-12-06 00:00:00,573.2838363,0
2014-12-07 00:00:00,572.388388,0
2014-12-08 00:00:00,571.5495858,1
2014-12-09 00:00:00,570.7682408,1
2014-12-10 00:00:00,570.0451191,1
2014-12-11 00:00:00,569.3809393,1
2014-12-12 00:00:00,568.7763701,1
2014-12-13 00:00:00,568.2320282,0
2014-12-14 00:00:00,567.7484759,0
2014-12-15 00:00:00,567.3262191,1
2014-12-16 00:00:00,566.965706,1
2014-12-17 00:00:00,566.6673248,1
2014-12-18 00:00:00,566.431403,1
2014-12-19 00:00:00,566.2582058,1
2014-12-20 00:00:00,566.147935,0
2014-12-21 00:00:00,566.1007288,0
2014-12-22 00:00:00,566.1166607,1
2014-12-23 00:00:00,566.1957396,1
2014-12-24 00:00:00,566.3379097,1
2014-12-25 00:00:00,566.5430506,0
2014-12-26 00:00:00,566.8109777,1
2014-12-27 00:00:00,567.1414431,0
2014-12-28 00:00:00,567.5341362,0
2014-12-29 00:00:00,567.988685,1
2014-12-30 00:00:00,568.5046575,1
2014-12-31 00:00:00,569.081563,1
2015-01-01 00:00:00,569.7188539,0
2015-01-02 00:00:00,570.4159278,1
2015-01-03 00:00:00,571.1721294,0
2015-01-04 00:00:00,571.9867526,0
2015-01-05 00:00:00,572.8590431,1
2015-01-06 00:00:00,573.788201,1
2015-01-07 00:00:00,574.7733829,1
2015-01-08 00:00:00,575.8137049,1
2015-01-09 00:00:00,576.9082456,1
2015-01-10 00:00:00,578.0560482,0
2015-01-11 00:00:00,579.2561241,0
2015-01-12 00:00:00,580.5074555,1
2015-01-13 00:00:00,581.808998,1
2015-01-14 00:00:00,583.1596838,1
2015-01-15 00:00:00,584.5584247,1
2015-01-16 00:00:00,586.0041143,1
2015-01-17 00:00:00,587.4956315,0
2015-01-18 00:00:00,589.0318429,0
2015-01-19 00:00:00,590.6116053,0
2015-01-20 00:00:00,592.2337685,1
2015-01-21 00:00:00,593.8971778,1
2015-01-22 00:00:00,595.6006762,1
2015-01-23 00:00:00,597.3431069,1
2015-01-24 00:00:00,599.1233153,0
2015-01-25 00:00:00,600.9401514,0
2015-01-26 00:00:00,602.7924712,1
2015-01-27 00:00:00,604.6791393,1
2015-01-28 00:00:00,606.5990299,1
2015-01-29 00:00:00,608.5510289,1
2015-01-30 00:00:00,610.534035,1
2015-01-31 00:00:00,612.5469615,0
2015-02-01 00:00:00,614.5887373,0
2015-02-02 00:00:00,616.6583078,1
2015-02-03 00:00:00,618.7546365,1
2015-02-04 00:00:00,620.8767053,1
2015-02-05 00:00:00,623.0235156,1
2015-02-06 00:00:00,625.1940892,1
2015-02-07 00:00:00,627.3874683,0
2015-02-08 00:00:00,629.6027164,0
2015-02-09 00:00:00,631.8389187,1
2015-02-10 00:00:00,634.0951821,1
2015-02-11 00:00:00,636.3706359,1
2015-02-12 00:00:00,638.6644314,1
2015-02-13 00:00:00,640.9757424,1
2015-02-14 00:00:00,643.3037646,0
2015-02-15 00:00:00,645.6477165,0
2015-02-16 00:00:00,648.0068382,0
2015-02-17 00:00:00,650.3803918,1
2015-02-18 00:00:00,652.767661,1
2015-02-19 00:00:00,655.1679507,1
2015-02-20 00:00:00,657.5805869,1
2015-02-21 00:00:00,660.004916,0
2015-02-22 00:00:00,662.4403045,0
2015-02-23 00:00:00,664.8861384,1
2015-02-24 00:00:00,667.3418229,1
2015-02-25 00:00:00,669.8067819,1
2015-02-26 00:00:00,672.280457,1
2015-02-27 00:00:00,674.7623073,1
2015-02-28 00:00:00,677.2518087,0
2015-03-01 00:00:00,679.7484534,0
2015-03-02 00:00:00,682.2517489,1
2015-03-03 00:00:00,684.7612177,1
2015-03-04 00:00:00,687.2763962,1
2015-03-05 00:00:00,689.7968346,1
2015-03-06 00:00:00,692.3220959,1
2015-03-07 00:00:00,694.851755,0
2015-03-08 00:00:00,697.3853982,0
2015-03-09 00:00:00,699.9226226,1
2015-03-10 00:00:00,702.4630352,1
2015-03-11 00:00:00,705.0062523,1
2015-03-12 00:00:00,707.5518986,1
2015-03-13 00:00:00,710.0996068,1
2015-03-14 00:00:00,712.6490164,0
2015-03-15 00:00:00,715.1997735,0
2015-03-16 00:00:00,717.7515298,1
2015-03-17 00:00:00,720.3039418,1
2015-03-18 00:00:00,722.8566704,1
2015-03-19 00:00:00,725.4093797,1
2015-03-20 00:00:00,727.9617368,1
2015-03-21 00:00:00,730.5134109,0
2015-03-22 00:00:00,733.0640724,0
2015-03-23 00:00:00,735.6133925,1
2015-03-24 00:00:00,738.1610424,1
2015-03-25 00:00:00,740.7066924,1
2015-03-26 00:00:00,743.2500115,1
2015-03-27 00:00:00,745.7906668,1
2015-03-28 00:00:00,748.3283223,0
2015-03-29 00:00:00,750.8626387,0
2015-03-30 00:00:00,753.3932728,1
2015-03-31 00:00:00,755.9198763,1
2015-04-01 00:00:00,758.4420958,1
2015-04-02 00:00:00,760.9595716,1
2015-04-03 00:00:00,763.4719376,1
2015-04-04 00:00:00,765.97882,0
2015-04-05 00:00:00,768.4798375,0
2015-04-06 00:00:00,770.9745999,1
2015-04-07 00:00:00,773.4627082,1
2015-04-08 00:00:00,775.9437534,1
2015-04-09 00:00:00,778.4173163,1
2015-04-10 00:00:00,780.8829668,1
2015-04-11 00:00:00,783.3402636,0
2015-04-12 00:00:00,785.7887533,0
2015-04-13 00:00:00,788.22797,1
2015-04-14 00:00:00,790.6574349,1
2015-04-15 00:00:00,793.0766559,1
2015-04-16 00:00:00,795.4851269,0
2015-04-17 00:00:00,797.8823276,1
2015-04-18 00:00:00,800.2677229,0
2015-04-19 00:00:00,802.6407626,0
2015-04-20 00:00:00,805.0008811,1
2015-04-21 00:00:00,807.3474971,1
2015-04-22 00:00:00,809.6800131,1
2015-04-23 00:00:00,811.9978153,1
2015-04-24 00:00:00,814.3002735,1
2015-04-25 00:00:00,816.5867407,0
2015-04-26 00:00:00,818.856553,0
2015-04-27 00:00:00,821.1090298,1
2015-04-28 00:00:00,823.3434731,1
2015-04-29 00:00:00,825.5591684,1
2015-04-30 00:00:00,827.7553839,1
2015-05-01 00:00:00,829.9313711,1
2015-05-02 00:00:00,832.086365,0
2015-05-03 00:00:00,834.2195841,0
2015-05-04 00:00:00,836.3302306,1
2015-05-05 00:00:00,838.4174912,1
2015-05-06 00:00:00,840.480537,1
2015-05-07 00:00:00,842.5185247,1
2015-05-08 00:00:00,844.5305961,1
2015-05-09 00:00:00,846.5158799,0
2015-05-10 00:00:00,848.4734915,0
2015-05-11 00:00:00,850.4025345,1
2015-05-12 00:00:00,852.3021009,1
2015-05-13 00:00:00,854.1712726,1
2015-05-14 00:00:00,856.0091222,1
2015-05-15 00:00:00,857.8147141,1
2015-05-16 00:00:00,859.5871057,0
2015-05-17 00:00:00,861.3253487,0
2015-05-18 00:00:00,863.0284906,1
2015-05-19 00:00:00,864.6955757,1
2015-05-20 00:00:00,866.3256471,1
2015-05-21 00:00:00,867.9177479,1
2015-05-22 00:00:00,869.4709232,1
2015-05-23 00:00:00,870.9842213,0
2015-05-24 00:00:00,872.4566961,0
2015-05-25 00:00:00,873.8874084,0
2015-05-26 00:00:00,875.2754282,1
2015-05-27 00:00:00,876.6198362,1
2015-05-28 00:00:00,877.9197263,1
2015-05-29 00:00:00,879.174207,1
2015-05-30 00:00:00,880.3824039,0
2015-05-31 00:00:00,881.5434617,0
2015-06-01 00:00:00,882.6565459,1
2015-06-02 00:00:00,883.7208453,1
2015-06-03 00:00:00,884.7355739,1
2015-06-04 00:00:00,885.6999725,1
2015-06-05 00:00:00,886.6133116,1
2015-06-06 00:00:00,887.4748925,0
2015-06-07 00:00:00,888.2840497,0
2015-06-08 00:00:00,889.0401526,1
2015-06-09 00:00:00,889.7426073,1
2015-06-10 00:00:00,890.3908582,1
2015-06-11 00:00:00,890.9843899,1
2015-06-12 00:00:00,891.5227284,1
2015-06-13 00:00:00,892.0054429,0
2015-06-14 00:00:00,892.4321466,0
2015-06-15 00:00:00,892.8024984,1
2015-06-16 00:00:00,893.1162033,1
2015-06-17 00:00:00,893.3730142,1
2015-06-18 00:00:00,893.5727319,1
2015-06-19 00:00:00,893.7152059,1
2015-06-20 00:00:00,893.8003352,0
2015-06-21 00:00:00,893.8280682,0
2015-06-22 00:00:00,893.7984031,1
2015-06-23 00:00:00,893.7113878,1
2015-06-24 00:00:00,893.5671199,1
2015-06-25 00:00:00,893.3657461,1
2015-06-26 00:00:00,893.107462,1
2015-06-27 00:00:00,892.7925113,0
2015-06-28 00:00:00,892.4211853,0
2015-06-29 00:00:00,891.9938217,1
2015-06-30 00:00:00,891.5108035,1
2015-07-01 00:00:00,890.9725583,1
2015-07-02 00:00:00,890.3795564,1
2015-07-03 00:00:00,889.73231,0
2015-07-04 00:00:00,889.0313711,0
2015-07-05 00:00:00,888.2773302,0
2015-07-06 00:00:00,887.4708147,1
2015-07-07 00:00:00,886.6124867,1
2015-07-08 00:00:00,885.7030417,1
2015-07-09 00:00:00,884.7432061,1
2015-07-10 00:00:00,883.7337358,1
2015-07-11 00:00:00,882.6754138,0
2015-07-12 00:00:00,881.5690482,0
2015-07-13 00:00:00,880.4154705,1
2015-07-14 00:00:00,879.2155331,1
2015-07-15 00:00:00,877.9701077,1
2015-07-16 00:00:00,876.6800827,1
2015-07-17 00:00:00,875.3463617,1
2015-07-18 00:00:00,873.9698612,0
2015-07-19 00:00:00,872.5515087,0
2015-07-20 00:00:00,871.0922408,1
2015-07-21 00:00:00,869.5930012,1
2015-07-22 00:00:00,868.0547391,1
2015-07-23 00:00:00,866.4784071,1
2015-07-24 00:00:00,864.8649599,1
2015-07-25 00:00:00,863.2153521,0
2015-07-26 00:00:00,861.5305373,0
2015-07-27 00:00:00,859.811466,1
2015-07-28 00:00:00,858.0590843,1
2015-07-29 00:00:00,856.2743329,1
2015-07-30 00:00:00,854.4581455,1
2015-07-31 00:00:00,852.6114476,1
2015-08-01 00:00:00,850.7351555,0
2015-08-02 00:00:00,848.8301751,0
2015-08-03 00:00:00,846.8974013,1
2015-08-04 00:00:00,844.9377167,1
2015-08-05 00:00:00,842.9519911,1
2015-08-06 00:00:00,840.9410804,1
2015-08-07 00:00:00,838.9058266,1
2015-08-08 00:00:00,836.8470565,0
2015-08-09 00:00:00,834.7655816,0
2015-08-10 00:00:00,832.6621978,1
2015-08-11 00:00:00,830.5376844,1
2015-08-12 00:00:00,828.3928047,1
2015-08-13 00:00:00,826.2283049,1
2015-08-14 00:00:00,824.0449143,1
2015-08-15 00:00:00,821.8433455,0
2015-08-16 00:00:00,819.6242936,0
2015-08-17 00:00:00,817.3884367,1
2015-08-18 00:00:00,815.1364359,1
2015-08-19 00:00:00,812.868935,1
2015-08-20 00:00:00,810.5865611,1
2015-08-21 00:00:00,808.2899245,1
2015-08-22 00:00:00,805.9796189,0
2015-08-23 00:00:00,803.6562216,0
2015-08-24 00:00:00,801.3202939,1
2015-08-25 00:00:00,798.9723814,1
2015-08-26 00:00:00,796.6130142,1
2015-08-27 00:00:00,794.2427072,1
2015-08-28 00:00:00,791.8619607,1
2015-08-29 00:00:00,789.4712608,0
2015-08-30 00:00:00,787.0710796,0
2015-08-31 00:00:00,784.6618757,1
2015-09-01 00:00:00,782.2440949,1
2015-09-02 00:00:00,779.8181705,1
2015-09-03 00:00:00,777.3845238,1
2015-09-04 00:00:00,774.9435646,1
2015-09-05 00:00:00,772.4956918,0
2015-09-06 00:00:00,770.0412939,0
2015-09-07 00:00:00,767.5807495,0
2015-09-08 00:00:00,765.1144281,1
2015-09-09 00:00:00,762.6426904,1
2015-09-10 00:00:00,760.1658889,1
2015-09-11 00:00:00,757.6843686,1
2015-09-12 00:00:00,755.1984676,0
2015-09-13 00:00:00,752.7085176,0
2015-09-14 00:00:00,750.2148448,1
2015-09-15 00:00:00,747.7177701,1
2015-09-16 00:00:00,745.2176098,1
2015-09-17 00:00:00,742.7146767,1
2015-09-18 00:00:00,740.20928,1
2015-09-19 00:00:00,737.7017267,0
2015-09-20 00:00:00,735.1923216,0
2015-09-21 00:00:00,732.6813683,1
2015-09-22 00:00:00,730.1691698,1
2015-09-23 00:00:00,727.6560292,1
2015-09-24 00:00:00,725.14225,1
2015-09-25 00:00:00,722.6281375,1
2015-09-26 00:00:00,720.1139988,0
2015-09-27 00:00:00,717.6001435,0
2015-09-28 00:00:00,715.086885,1
2015-09-29 00:00:00,712.5745404,1
2015-09-30 00:00:00,710.0634318,1
2015-10-01 00:00:00,707.5538865,1
2015-10-02 00:00:00,705.0462382,1
2015-10-03 00:00:00,702.5408271,0
2015-10-04 00:00:00,700.0380012,0
2015-10-05 00:00:00,697.5381164,1
2015-10-06 00:00:00,695.0415376,1
2015-10-07 00:00:00,692.5486393,1
2015-10-08 00:00:00,690.0598064,1
2015-10-09 00:00:00,687.5754344,1
2015-10-10 00:00:00,685.0959307,0
2015-10-11 00:00:00,682.6217149,0
2015-10-12 00:00:00,680.1532198,0
2015-10-13 00:00:00,677.6908915,1
2015-10-14 00:00:00,675.2351908,1
2015-10-15 00:00:00,672.7865933,1
2015-10-16 00:00:00,670.3455902,1
2015-10-17 00:00:00,667.912689,0
2015-10-18 00:00:00,665.488414,0
2015-10-19 00:00:00,663.0733071,1
2015-10-20 00:00:00,660.6679281,1
2015-10-21 00:00:00,658.2728556,1
2015-10-22 00:00:00,655.888687,1
2015-10-23 00:00:00,653.5160396,1
2015-10-24 00:00:00,651.1555507,0
2015-10-25 00:00:00,648.8078782,0
2015-10-26 00:00:00,646.4737009,1
2015-10-27 00:00:00,644.1537189,1
2015-10-28 00:00:00,641.848654,1
2015-10-29 00:00:00,639.5592498,1
2015-10-30 00:00:00,637.2862722,1
2015-10-31 00:00:00,635.0305091,0
2015-11-01 00:00:00,632.792771,0
2015-11-02 00:00:00,630.5738908,1
2015-11-03 00:00:00,628.3747237,1
2015-11-04 00:00:00,626.1961474,1
2015-11-05 00:00:00,624.0390613,1
2015-11-06 00:00:00,621.9043871,1
2015-11-07 00:00:00,619.7930676,0
2015-11-08 00:00:00,617.706067,0
2015-11-09 00:00:00,615.6443697,1
2015-11-10 00:00:00,613.6089801,1
2015-11-11 00:00:00,611.6009219,0
2015-11-12 00:00:00,609.6212368,1
2015-11-13 00:00:00,607.6709839,1
2015-11-14 00:00:00,605.7512387,0
2015-11-15 00:00:00,603.8630917,0
2015-11-16 00:00:00,602.007647,1
2015-11-17 00:00:00,600.1860214,1
2015-11-18 00:00:00,598.3993422,1
2015-11-19 00:00:00,596.6487459,1
2015-11-20 00:00:00,594.9353766,1
2015-11-21 00:00:00,593.2603835,0
2015-11-22 00:00:00,591.6249195,0
2015-11-23 00:00:00,590.0301389,1
2015-11-24 00:00:00,588.4771948,1
2015-11-25 00:00:00,586.9672374,1
2015-11-26 00:00:00,585.501411,0
2015-11-27 00:00:00,584.0808517,1
2015-11-28 00:00:00,582.706685,0
2015-11-29 00:00:00,581.3800226,0
2015-11-30 00:00:00,580.1019602,1
2015-12-01 00:00:00,578.8735745,1
2015-12-02 00:00:00,577.69592,1
2015-12-03 00:00:00,576.5700269,1
2015-12-04 00:00:00,575.4968976,1
2015-12-05 00:00:00,574.4775038,0
2015-12-06 00:00:00,573.5127841,0
2015-12-07 00:00:00,572.6036409,1
2015-12-08 00:00:00,571.7509376,1
2015-12-09 00:00:00,570.9554957,1
2015-12-10 00:00:00,570.2180928,1
2015-12-11 00:00:00,569.5394591,1
2015-12-12 00:00:00,568.9202759,0
2015-12-13 00:00:00,568.3611728,0
2015-12-14 00:00:00,567.8627253,1
2015-12-15 00:00:00,567.4254536,1
2015-12-16 00:00:00,567.0498201,1
2015-12-17 00:00:00,566.7362277,1
2015-12-18 00:00:00,566.4850189,1
2015-12-19 00:00:00,566.2964743,0
2015-12-20 00:00:00,566.1708112,0
2015-12-21 00:00:00,566.1081835,1
2015-12-22 00:00:00,566.1086806,1
2015-12-23 00:00:00,566.1723272,1
2015-12-24 00:00:00,566.2990834,1
2015-12-25 00:00:00,566.4888445,0
2015-12-26 00:00:00,566.7414416,0
2015-12-27 00:00:00,567.0566423,0
2015-12-28 00:00:00,567.4341512,1
2015-12-29 00:00:00,567.8736113,1
2015-12-30 00:00:00,568.3746051,1
2015-12-31 00:00:00,568.9366561,1
2016-01-01 00:00:00,569.5592308,0
2016-01-02 00:00:00,570.2417397,0
2016-01-03 00:00:00,570.9835404,0
2016-01-04 00:00:00,571.7839392,1
2016-01-05 00:00:00,572.6421933,1
2016-01-06 00:00:00,573.5575137,1
2016-01-07 00:00:00,574.5290675,1
2016-01-08 00:00:00,575.5559806,1
2016-01-09 00:00:00,576.6373403,0
2016-01-10 00:00:00,577.7721986,0
2016-01-11 00:00:00,578.9595742,1
2016-01-12 00:00:00,580.1984563,1
2016-01-13 00:00:00,581.4878068,1
2016-01-14 00:00:00,582.8265634,1
2016-01-15 00:00:00,584.2136427,1
2016-01-16 00:00:00,585.6479425,0
2016-01-17 00:00:00,587.1283451,0
2016-01-18 00:00:00,588.6537199,0
2016-01-19 00:00:00,590.2229259,1
2016-01-20 00:00:00,591.8348145,1
2016-01-21 00:00:00,593.4882317,1
2016-01-22 00:00:00,595.1820211,1
2016-01-23 00:00:00,596.9150255,0
2016-01-24 00:00:00,598.6860899,0
2016-01-25 00:00:00,600.4940627,1
2016-01-26 00:00:00,602.3377985,1
2016-01-27 00:00:00,604.2161596,1
2016-01-28 00:00:00,606.1280176,1
2016-01-29 00:00:00,608.0722556,1
2016-01-30 00:00:00,610.047769,0
2016-01-31 00:00:00,612.0534674,0
2016-02-01 00:00:00,614.0882759,1
2016-02-02 00:00:00,616.1511357,1
2016-02-03 00:00:00,618.2410058,1
2016-02-04 00:00:00,620.3568635,1
2016-02-05 00:00:00,622.4977056,1
2016-02-06 00:00:00,624.6625487,0
2016-02-07 00:00:00,626.8504299,0
2016-02-08 00:00:00,629.0604075,1
2016-02-09 00:00:00,631.2915615,1
2016-02-10 00:00:00,633.5429934,1
2016-02-11 00:00:00,635.8138271,1
2016-02-12 00:00:00,638.1032083,1
2016-02-13 00:00:00,640.4103054,0
2016-02-14 00:00:00,642.7343089,0
2016-02-15 00:00:00,645.0744315,0
2016-02-16 00:00:00,647.4299082,1
2016-02-17 00:00:00,649.7999957,1
2016-02-18 00:00:00,652.1839724,1
2016-02-19 00:00:00,654.5811382,1
2016-02-20 00:00:00,656.9908138,0
2016-02-21 00:00:00,659.4123407,0
2016-02-22 00:00:00,661.8450805,1
2016-02-23 00:00:00,664.2884145,1
2016-02-24 00:00:00,666.7417434,1
2016-02-25 00:00:00,669.2044862,1
2016-02-26 00:00:00,671.6760805,1
2016-02-27 00:00:00,674.1559812,0
2016-02-28 00:00:00,676.64366,0
2016-02-29 00:00:00,679.1386052,1
2016-03-01 00:00:00,681.6403206,1
2016-03-02 00:00:00,684.1483251,1
2016-03-03 00:00:00,686.6621518,1
2016-03-04 00:00:00,689.1813475,1
2016-03-05 00:00:00,691.7054722,0
2016-03-06 00:00:00,694.2340978,0
2016-03-07 00:00:00,696.766808,1
2016-03-08 00:00:00,699.3031973,1
2016-03-09 00:00:00,701.8428703,1
2016-03-10 00:00:00,704.3854411,1
2016-03-11 00:00:00,706.9305324,1
2016-03-12 00:00:00,709.477775,0
2016-03-13 00:00:00,712.0268068,0
2016-03-14 00:00:00,714.5772722,1
2016-03-15 00:00:00,717.1288218,1
2016-03-16 00:00:00,719.6811108,1
2016-03-17 00:00:00,722.2337991,1
2016-03-18 00:00:00,724.7865501,1
2016-03-19 00:00:00,727.3390303,0
2016-03-20 00:00:00,729.8909083,0
2016-03-21 00:00:00,732.4418544,1
2016-03-22 00:00:00,734.9915395,1
2016-03-23 00:00:00,737.5396349,1
2016-03-24 00:00:00,740.0858112,1
2016-03-25 00:00:00,742.6297377,1
2016-03-26 00:00:00,745.1710821,0
2016-03-27 00:00:00,747.709509,0
2016-03-28 00:00:00,750.2446803,1
2016-03-29 00:00:00,752.7762534,1
2016-03-30 00:00:00,755.3038815,1
2016-03-31 00:00:00,757.8272125,1
2016-04-01 00:00:00,760.3458882,1
2016-04-02 00:00:00,762.8595441,0
2016-04-03 00:00:00,765.3678084,0
2016-04-04 00:00:00,767.8703016,1
2016-04-05 00:00:00,770.3666357,1
2016-04-06 00:00:00,772.8564139,1
2016-04-07 00:00:00,775.3392297,1
2016-04-08 00:00:00,777.8146663,1
2016-04-09 00:00:00,780.2822965,0
2016-04-10 00:00:00,782.7416817,0
2016-04-11 00:00:00,785.1923712,1
2016-04-12 00:00:00,787.6339025,1
2016-04-13 00:00:00,790.0657999,1
2016-04-14 00:00:00,792.4875746,1
2016-04-15 00:00:00,794.8987238,0
2016-04-16 00:00:00,797.2987308,0
2016-04-17 00:00:00,799.687064,0
2016-04-18 00:00:00,802.063177,1
2016-04-19 00:00:00,804.426508,1
2016-04-20 00:00:00,806.7764794,1
2016-04-21 00:00:00,809.1124977,1
2016-04-22 00:00:00,811.4339532,1
2016-04-23 00:00:00,813.7402196,0
2016-04-24 00:00:00,816.030654,0
2016-04-25 00:00:00,818.3045966,1
2016-04-26 00:00:00,820.5613708,1
2016-04-27 00:00:00,822.8002829,1
2016-04-28 00:00:00,825.0206224,1
2016-04-29 00:00:00,827.2216616,1
2016-04-30 00:00:00,829.4026562,0
2016-05-01 00:00:00,831.5628451,0
2016-05-02 00:00:00,833.7014508,1
2016-05-03 00:00:00,835.8176793,1
2016-05-04 00:00:00,837.9107212,1
2016-05-05 00:00:00,839.9797513,1
2016-05-06 00:00:00,842.0239296,1
2016-05-07 00:00:00,844.0424017,0
2016-05-08 00:00:00,846.0342992,0
2016-05-09 00:00:00,847.9987408,1
2016-05-10 00:00:00,849.9348327,1
2016-05-11 00:00:00,851.8416698,1
2016-05-12 00:00:00,853.7183364,1
2016-05-13 00:00:00,855.5639071,1
2016-05-14 00:00:00,857.3774483,0
2016-05-15 00:00:00,859.1580189,0
2016-05-16 00:00:00,860.9046719,1
2016-05-17 00:00:00,862.6164556,1
2016-05-18 00:00:00,864.292415,1
2016-05-19 00:00:00,865.9315934,1
2016-05-20 00:00:00,867.5330337,1
2016-05-21 00:00:00,869.0957802,0
2016-05-22 00:00:00,870.6188806,0
2016-05-23 00:00:00,872.1013869,1
2016-05-24 00:00:00,873.5423584,1
2016-05-25 00:00:00,874.9408623,1
2016-05-26 00:00:00,876.2959768,1
2016-05-27 00:00:00,877.6067923,1
2016-05-28 00:00:00,878.8724136,0
2016-05-29 00:00:00,880.0919619,0
2016-05-30 00:00:00,881.264577,0
2016-05-31 00:00:00,882.3894194,1
2016-06-01 00:00:00,883.4656718,1
2016-06-02 00:00:00,884.4925419,1
2016-06-03 00:00:00,885.4692639,1
2016-06-04 00:00:00,886.3951009,0
2016-06-05 00:00:00,887.2693465,0
2016-06-06 00:00:00,888.0913269,1
2016-06-07 00:00:00,888.8604029,1
2016-06-08 00:00:00,889.5759714,1
2016-06-09 00:00:00,890.2374676,1
2016-06-10 00:00:00,890.844366,1
2016-06-11 00:00:00,891.3961825,0
2016-06-12 00:00:00,891.8924755,0
2016-06-13 00:00:00,892.3328475,1
2016-06-14 00:00:00,892.7169462,1
2016-06-15 00:00:00,893.0444654,1
2016-06-16 00:00:00,893.3151461,1
2016-06-17 00:00:00,893.5287775,1
2016-06-18 00:00:00,893.6851972,0
2016-06-19 00:00:00,893.7842921,0
2016-06-20 00:00:00,893.8259986,1
2016-06-21 00:00:00,893.8103029,1
2016-06-22 00:00:00,893.7372406,1
2016-06-23 00:00:00,893.6068975,1
2016-06-24 00:00:00,893.4194082,1
2016-06-25 00:00:00,893.1749566,0
2016-06-26 00:00:00,892.8737748,0
2016-06-27 00:00:00,892.5161424,1
2016-06-28 00:00:00,892.1023861,1
2016-06-29 00:00:00,891.632878,1
2016-06-30 00:00:00,891.1080349,1
2016-07-01 00:00:00,890.5283169,1
2016-07-02 00:00:00,889.8942262,0
2016-07-03 00:00:00,889.2063051,0
2016-07-04 00:00:00,888.4651351,0
2016-07-05 00:00:00,887.6713347,1
2016-07-06 00:00:00,886.8255579,1
2016-07-07 00:00:00,885.928492,1
2016-07-08 00:00:00,884.9808562,1
2016-07-09 00:00:00,883.9833994,0
2016-07-10 00:00:00,882.9368982,0
2016-07-11 00:00:00,881.8421548,1
2016-07-12 00:00:00,880.6999953,1
2016-07-13 00:00:00,879.5112671,1
2016-07-14 00:00:00,878.2768373,1
2016-07-15 00:00:00,876.9975907,1
2016-07-16 00:00:00,875.6744272,0
2016-07-17 00:00:00,874.3082604,0
2016-07-18 00:00:00,872.9000153,1
2016-07-19 00:00:00,871.4506265,1
2016-07-20 00:00:00,869.9610361,1
2016-07-21 00:00:00,868.4321922,1
2016-07-22 00:00:00,866.8650467,1
2016-07-23 00:00:00,865.2605539,0
2016-07-24 00:00:00,863.6196687,0
2016-07-25 00:00:00,861.943345,1
2016-07-26 00:00:00,860.2325341,1
2016-07-27 00:00:00,858.4881834,1
2016-07-28 00:00:00,856.7112351,1
2016-07-29 00:00:00,854.9026246,1
2016-07-30 00:00:00,853.0632795,0
2016-07-31 00:00:00,851.1941185,0
2016-08-01 00:00:00,849.2960501,1
2016-08-02 00:00:00,847.369972,1
2016-08-03 00:00:00,845.4167698,1
2016-08-04 00:00:00,843.4373164,1
2016-08-05 00:00:00,841.4324713,1
2016-08-06 00:00:00,839.4030799,0
2016-08-07 00:00:00,837.3499727,0
2016-08-08 00:00:00,835.273965,1
2016-08-09 00:00:00,833.1758564,1
2016-08-10 00:00:00,831.0564305,1
2016-08-11 00:00:00,828.9164543,1
2016-08-12 00:00:00,826.7566783,1
2016-08-13 00:00:00,824.5778359,0
2016-08-14 00:00:00,822.3806436,0
2016-08-15 00:00:00,820.165801,1
2016-08-16 00:00:00,817.9339902,1
2016-08-17 00:00:00,815.6858764,1
2016-08-18 00:00:00,813.4221077,1
2016-08-19 00:00:00,811.1433152,1
2016-08-20 00:00:00,808.8501132,0
2016-08-21 00:00:00,806.5430995,0
2016-08-22 00:00:00,804.2228552,1
2016-08-23 00:00:00,801.8899457,1
2016-08-24 00:00:00,799.5449203,1
2016-08-25 00:00:00,797.1883127,1
2016-08-26 00:00:00,794.8206415,1
2016-08-27 00:00:00,792.4424107,0
2016-08-28 00:00:00,790.0541095,0
2016-08-29 00:00:00,787.6562136,1
2016-08-30 00:00:00,785.2491848,1
2016-08-31 00:00:00,782.8334719,1
2016-09-01 00:00:00,780.4095112,1
2016-09-02 00:00:00,777.9777268,1
2016-09-03 00:00:00,775.5385313,0
2016-09-04 00:00:00,773.0923263,0
2016-09-05 00:00:00,770.6395026,0
2016-09-06 00:00:00,768.1804413,1
2016-09-07 00:00:00,765.7155139,1
2016-09-08 00:00:00,763.2450833,1
2016-09-09 00:00:00,760.7695038,1
2016-09-10 00:00:00,758.2891223,0
2016-09-11 00:00:00,755.8042785,0
2016-09-12 00:00:00,753.3153056,1
2016-09-13 00:00:00,750.8225309,1
2016-09-14 00:00:00,748.3262767,1
2016-09-15 00:00:00,745.8268602,1
2016-09-16 00:00:00,743.3245952,1
2016-09-17 00:00:00,740.8197915,0
2016-09-18 00:00:00,738.3127567,0
2016-09-19 00:00:00,735.8037959,1
2016-09-20 00:00:00,733.2932131,1
2016-09-21 00:00:00,730.7813113,1
2016-09-22 00:00:00,728.2683935,1
2016-09-23 00:00:00,725.7547631,1
2016-09-24 00:00:00,723.2407247,0
2016-09-25 00:00:00,720.726585,0
2016-09-26 00:00:00,718.2126529,1
2016-09-27 00:00:00,715.6992408,1
2016-09-28 00:00:00,713.1866649,1
2016-09-29 00:00:00,710.6752459,1
2016-09-30 00:00:00,708.1653098,1
2016-10-01 00:00:00,705.6571886,0
2016-10-02 00:00:00,703.1512209,0
2016-10-03 00:00:00,700.6477527,1
2016-10-04 00:00:00,698.1471378,1
2016-10-05 00:00:00,695.649739,1
2016-10-06 00:00:00,693.1559284,1
2016-10-07 00:00:00,690.666088,1
2016-10-08 00:00:00,688.1806109,0
2016-10-09 00:00:00,685.6999015,0
2016-10-10 00:00:00,683.2243762,0
2016-10-11 00:00:00,680.7544646,1
2016-10-12 00:00:00,678.2906095,1
2016-10-13 00:00:00,675.8332679,1
2016-10-14 00:00:00,673.3829118,1
2016-10-15 00:00:00,670.9400286,0
2016-10-16 00:00:00,668.5051216,0
2016-10-17 00:00:00,666.078711,1
2016-10-18 00:00:00,663.6613344,1
2016-10-19 00:00:00,661.253547,1
2016-10-20 00:00:00,658.8559229,1
2016-10-21 00:00:00,656.4690547,1
2016-10-22 00:00:00,654.0935549,0
2016-10-23 00:00:00,651.7300559,0
2016-10-24 00:00:00,649.3792103,1
2016-10-25 00:00:00,647.0416919,1
2016-10-26 00:00:00,644.7181956,1
2016-10-27 00:00:00,642.4094377,1
2016-10-28 00:00:00,640.1161566,1
2016-10-29 00:00:00,637.8391126,0
2016-10-30 00:00:00,635.5790882,0
2016-10-31 00:00:00,633.3368885,1
2016-11-01 00:00:00,631.1133408,1
2016-11-02 00:00:00,628.9092948,1
2016-11-03 00:00:00,626.7256227,1
2016-11-04 00:00:00,624.5632187,1
2016-11-05 00:00:00,622.422999,0
2016-11-06 00:00:00,620.3059014,0
2016-11-07 00:00:00,618.2128847,1
2016-11-08 00:00:00,616.1449286,1
2016-11-09 00:00:00,614.1030326,1
2016-11-10 00:00:00,612.0882156,1
2016-11-11 00:00:00,610.1015151,0
2016-11-12 00:00:00,608.1439861,0
2016-11-13 00:00:00,606.2167001,0
2016-11-14 00:00:00,604.3207439,1
2016-11-15 00:00:00,602.4572187,1
2016-11-16 00:00:00,600.6272381,1
2016-11-17 00:00:00,598.8319271,1
2016-11-18 00:00:00,597.07242,1
2016-11-19 00:00:00,595.3498592,0
2016-11-20 00:00:00,593.6653929,0
2016-11-21 00:00:00,592.0201734,1
2016-11-22 00:00:00,590.4153546,1
2016-11-23 00:00:00,588.8520902,1
2016-11-24 00:00:00,587.3315314,0
2016-11-25 00:00:00,585.8548241,1
2016-11-26 00:00:00,584.4231067,0
2016-11-27 00:00:00,583.0375075,0
2016-11-28 00:00:00,581.6991418,1
2016-11-29 00:00:00,580.4091095,1
2016-11-30 00:00:00,579.1684922,1
2016-12-01 00:00:00,577.9783501,1
2016-12-02 00:00:00,576.8397197,1
2016-12-03 00:00:00,575.7536103,0
2016-12-04 00:00:00,574.7210015,0
2016-12-05 00:00:00,573.7428402,1
2016-12-06 00:00:00,572.820038,1
2016-12-07 00:00:00,571.953468,1
2016-12-08 00:00:00,571.1439624,1
2016-12-09 00:00:00,570.3923095,1
2016-12-10 00:00:00,569.6992516,0
2016-12-11 00:00:00,569.065482,0
2016-12-12 00:00:00,568.4916432,1
2016-12-13 00:00:00,567.9783243,1
2016-12-14 00:00:00,567.526059,1
2016-12-15 00:00:00,567.1353241,1
2016-12-16 00:00:00,566.8065372,1
2016-12-17 00:00:00,566.5400557,0
2016-12-18 00:00:00,566.3361755,0
2016-12-19 00:00:00,566.1951295,1
2016-12-20 00:00:00,566.1170872,1
2016-12-21 00:00:00,566.1021537,1
2016-12-22 00:00:00,566.1503697,1
2016-12-23 00:00:00,566.261711,1
2016-12-24 00:00:00,566.4360889,0
2016-12-25 00:00:00,566.67335,0
2016-12-26 00:00:00,566.9732774,0
2016-12-27 00:00:00,567.3355912,1
2016-12-28 00:00:00,567.7599492,1
2016-12-29 00:00:00,568.2459487,1
2016-12-30 00:00:00,568.7931275,1
2016-12-31 00:00:00,569.4009658,0
2017-01-01 00:00:00,570.0688877,0
2017-01-02 00:00:00,570.7962636,0
2017-01-03 00:00:00,571.582412,1
2017-01-04 00:00:00,572.4266021,1
2017-01-05 00:00:00,573.3280558,1
2017-01-06 00:00:00,574.2859508,1
2017-01-07 00:00:00,575.2994229,0
2017-01-08 00:00:00,576.3675685,0
2017-01-09 00:00:00,577.489448,1
2017-01-10 00:00:00,578.664088,1
2017-01-11 00:00:00,579.8904848,1
2017-01-12 00:00:00,581.1676064,1
2017-01-13 00:00:00,582.4943965,1
2017-01-14 00:00:00,583.8697764,0
2017-01-15 00:00:00,585.2926483,0
2017-01-16 00:00:00,586.7618981,0
2017-01-17 00:00:00,588.276398,1
2017-01-18 00:00:00,589.8350094,1
2017-01-19 00:00:00,591.4365852,1
2017-01-20 00:00:00,593.0799727,0
2017-01-21 00:00:00,594.7640157,0
2017-01-22 00:00:00,596.4875572,0
2017-01-23 00:00:00,598.2494411,1
2017-01-24 00:00:00,600.0485151,1
2017-01-25 00:00:00,601.883632,1
2017-01-26 00:00:00,603.7536521,1
2017-01-27 00:00:00,605.6574445,1
2017-01-28 00:00:00,607.5938893,0
2017-01-29 00:00:00,609.5618789,0
2017-01-30 00:00:00,611.5603192,1
2017-01-31 00:00:00,613.5881313,1
2017-02-01 00:00:00,615.6442526,1
2017-02-02 00:00:00,617.7276375,1
2017-02-03 00:00:00,619.8372588,1
2017-02-04 00:00:00,621.9721084,0
2017-02-05 00:00:00,624.1311979,0
2017-02-06 00:00:00,626.3135596,1
2017-02-07 00:00:00,628.5182464,1
2017-02-08 00:00:00,630.7443329,1
2017-02-09 00:00:00,632.9909154,1
2017-02-10 00:00:00,635.2571123,1
2017-02-11 00:00:00,637.5420639,0
2017-02-12 00:00:00,639.8449331,0
2017-02-13 00:00:00,642.1649049,1
2017-02-14 00:00:00,644.5011867,1
2017-02-15 00:00:00,646.853008,1
2017-02-16 00:00:00,649.2196202,1
2017-02-17 00:00:00,651.6002964,1
2017-02-18 00:00:00,653.9943312,0
2017-02-19 00:00:00,656.4010404,0
2017-02-20 00:00:00,658.8197603,0
2017-02-21 00:00:00,661.2498477,1
2017-02-22 00:00:00,663.6906792,1
2017-02-23 00:00:00,666.1416505,1
2017-02-24 00:00:00,668.6021766,1
2017-02-25 00:00:00,671.0716902,0
2017-02-26 00:00:00,673.5496422,0
2017-02-27 00:00:00,676.0355003,1
2017-02-28 00:00:00,678.5287486,1
2017-03-01 00:00:00,681.0288874,1
2017-03-02 00:00:00,683.5354317,1
2017-03-03 00:00:00,686.0479114,1
2017-03-04 00:00:00,688.56587,0
2017-03-05 00:00:00,691.0888641,0
2017-03-06 00:00:00,693.616463,1
2017-03-07 00:00:00,696.1482475,1
2017-03-08 00:00:00,698.6838095,1
2017-03-09 00:00:00,701.2227511,1
2017-03-10 00:00:00,703.7646843,1
2017-03-11 00:00:00,706.3092296,0
2017-03-12 00:00:00,708.856016,0
2017-03-13 00:00:00,711.4046796,1
2017-03-14 00:00:00,713.9548634,1
2017-03-15 00:00:00,716.5062165,1
2017-03-16 00:00:00,719.0583929,1
2017-03-17 00:00:00,721.6110516,1
2017-03-18 00:00:00,724.1638551,0
2017-03-19 00:00:00,726.7164692,0
2017-03-20 00:00:00,729.2685621,1
2017-03-21 00:00:00,731.8198036,1
2017-03-22 00:00:00,734.3698647,1
2017-03-23 00:00:00,736.9184165,1
2017-03-24 00:00:00,739.4651298,1
2017-03-25 00:00:00,742.0096745,0
2017-03-26 00:00:00,744.5517184,0
2017-03-27 00:00:00,747.0909272,1
2017-03-28 00:00:00,749.6269633,1
2017-03-29 00:00:00,752.1594854,1
2017-03-30 00:00:00,754.6881478,1
2017-03-31 00:00:00,757.2125995,1
2017-04-01 00:00:00,759.732484,0
2017-04-02 00:00:00,762.2474383,0
2017-04-03 00:00:00,764.7570926,1
2017-04-04 00:00:00,767.2610691,1
2017-04-05 00:00:00,769.758982,1
2017-04-06 00:00:00,772.2504368,1
2017-04-07 00:00:00,774.7350292,1
2017-04-08 00:00:00,777.212345,0
2017-04-09 00:00:00,779.6819597,0
2017-04-10 00:00:00,782.1434373,1
2017-04-11 00:00:00,784.5963304,1
2017-04-12 00:00:00,787.0401791,1
2017-04-13 00:00:00,789.474511,1
2017-04-14 00:00:00,791.8988405,1
2017-04-15 00:00:00,794.3126684,0
2017-04-16 00:00:00,796.7154812,0
2017-04-17 00:00:00,799.1067512,0
2017-04-18 00:00:00,801.4859354,1
2017-04-19 00:00:00,803.8524757,1
2017-04-20 00:00:00,806.2057986,1
2017-04-21 00:00:00,808.5453144,1
2017-04-22 00:00:00,810.8704172,0
2017-04-23 00:00:00,813.1804848,0
2017-04-24 00:00:00,815.4748784,1
2017-04-25 00:00:00,817.7529423,1
2017-04-26 00:00:00,820.0140039,1
2017-04-27 00:00:00,822.2573738,1
2017-04-28 00:00:00,824.4823453,1
2017-04-29 00:00:00,826.6881951,0
2017-04-30 00:00:00,828.8741827,0
2017-05-01 00:00:00,831.0395512,1
2017-05-02 00:00:00,833.1835269,1
2017-05-03 00:00:00,835.3053199,1
2017-05-04 00:00:00,837.4041244,1
2017-05-05 00:00:00,839.479119,1
2017-05-06 00:00:00,841.5294672,0
2017-05-07 00:00:00,843.554318,0
2017-05-08 00:00:00,845.5528064,1
2017-05-09 00:00:00,847.524054,1
2017-05-10 00:00:00,849.4671701,1
2017-05-11 00:00:00,851.3812522,1
2017-05-12 00:00:00,853.2653868,1
2017-05-13 00:00:00,855.1186511,0
2017-05-14 00:00:00,856.940113,0
2017-05-15 00:00:00,858.7288333,1
2017-05-16 00:00:00,860.4838663,1
2017-05-17 00:00:00,862.2042612,1
2017-05-18 00:00:00,863.8890637,1
2017-05-19 00:00:00,865.5373172,1
2017-05-20 00:00:00,867.1480646,0
2017-05-21 00:00:00,868.7203497,0
2017-05-22 00:00:00,870.2532191,1
2017-05-23 00:00:00,871.7457236,1
2017-05-24 00:00:00,873.1969205,1
2017-05-25 00:00:00,874.6058749,1
2017-05-26 00:00:00,875.9716621,1
2017-05-27 00:00:00,877.2933693,0
2017-05-28 00:00:00,878.5700975,0
2017-05-29 00:00:00,879.8009638,0
2017-05-30 00:00:00,880.9851033,1
2017-05-31 00:00:00,882.1216712,1
2017-06-01 00:00:00,883.2098445,1
2017-06-02 00:00:00,884.2488246,1
2017-06-03 00:00:00,885.2378392,0
2017-06-04 00:00:00,886.1761441,0
2017-06-05 00:00:00,887.0630252,1
2017-06-06 00:00:00,887.8978006,1
2017-06-07 00:00:00,888.6798226,1
2017-06-08 00:00:00,889.408479,1
2017-06-09 00:00:00,890.0831956,1
2017-06-10 00:00:00,890.7034372,0
2017-06-11 00:00:00,891.2687094,0
2017-06-12 00:00:00,891.7785603,1
2017-06-13 00:00:00,892.2325814,1
2017-06-14 00:00:00,892.6304093,1
2017-06-15 00:00:00,892.9717265,1
2017-06-16 00:00:00,893.2562626,1
2017-06-17 00:00:00,893.4837948,0
2017-06-18 00:00:00,893.654149,0
2017-06-19 00:00:00,893.7672001,1
2017-06-20 00:00:00,893.8228724,1
2017-06-21 00:00:00,893.82114,1
2017-06-22 00:00:00,893.7620266,1
2017-06-23 00:00:00,893.6456057,1
2017-06-24 00:00:00,893.4720002,0
2017-06-25 00:00:00,893.2413819,0
2017-06-26 00:00:00,892.9539715,1
2017-06-27 00:00:00,892.610037,1
2017-06-28 00:00:00,892.2098938,1
2017-06-29 00:00:00,891.7539031,1
2017-06-30 00:00:00,891.242471,1
2017-07-01 00:00:00,890.6760473,0
2017-07-02 00:00:00,890.0551239,0
2017-07-03 00:00:00,889.3802337,1
2017-07-04 00:00:00,888.6519488,0
2017-07-05 00:00:00,887.870879,1
2017-07-06 00:00:00,887.0376697,1
2017-07-07 00:00:00,886.1530004,1
2017-07-08 00:00:00,885.2175829,0
2017-07-09 00:00:00,884.2321589,0
2017-07-10 00:00:00,883.1974986,1
2017-07-11 00:00:00,882.1143982,1
2017-07-12 00:00:00,880.9836781,1
2017-07-13 00:00:00,879.8061809,1
2017-07-14 00:00:00,878.5827691,1
2017-07-15 00:00:00,877.3143233,0
2017-07-16 00:00:00,876.0017402,0
2017-07-17 00:00:00,874.6459301,1
2017-07-18 00:00:00,873.2478155,1
2017-07-19 00:00:00,871.8083288,1
2017-07-20 00:00:00,870.3284107,1
2017-07-21 00:00:00,868.8090078,1
2017-07-22 00:00:00,867.2510714,0
2017-07-23 00:00:00,865.6555555,0
2017-07-24 00:00:00,864.0234148,1
2017-07-25 00:00:00,862.3556037,1
2017-07-26 00:00:00,860.6530744,1
2017-07-27 00:00:00,858.9167755,1
2017-07-28 00:00:00,857.1476503,1
2017-07-29 00:00:00,855.3466362,0
2017-07-30 00:00:00,853.5146628,0
2017-07-31 00:00:00,851.652651,1
2017-08-01 00:00:00,849.7615121,1
2017-08-02 00:00:00,847.8421463,1
2017-08-03 00:00:00,845.8954423,1
2017-08-04 00:00:00,843.9222764,1
2017-08-05 00:00:00,841.9235111,0
2017-08-06 00:00:00,839.8999956,0
2017-08-07 00:00:00,837.8525638,1
2017-08-08 00:00:00,835.782035,1
2017-08-09 00:00:00,833.6892126,1
2017-08-10 00:00:00,831.574884,1
2017-08-11 00:00:00,829.4398205,1
2017-08-12 00:00:00,827.2847764,0
2017-08-13 00:00:00,825.1104895,0
2017-08-14 00:00:00,822.9176803,1
2017-08-15 00:00:00,820.7070525,1
2017-08-16 00:00:00,818.4792926,1
2017-08-17 00:00:00,816.2350697,1
2017-08-18 00:00:00,813.9750362,1
2017-08-19 00:00:00,811.6998273,0
2017-08-20 00:00:00,809.4100613,0
2017-08-21 00:00:00,807.1063401,1
2017-08-22 00:00:00,804.7892488,1
2017-08-23 00:00:00,802.4593566,1
2017-08-24 00:00:00,800.1172165,1
2017-08-25 00:00:00,797.7633662,1
2017-08-26 00:00:00,795.3983279,0
2017-08-27 00:00:00,793.022609,0
2017-08-28 00:00:00,790.6367024,1
2017-08-29 00:00:00,788.2410868,1
2017-08-30 00:00:00,785.8362275,1
2017-08-31 00:00:00,783.4225764,1
2017-09-01 00:00:00,781.0005728,1
2017-09-02 00:00:00,778.5706437,0
2017-09-03 00:00:00,776.1332044,0
2017-09-04 00:00:00,773.6886591,0
2017-09-05 00:00:00,771.2374012,1
2017-09-06 00:00:00,768.7798141,1
2017-09-07 00:00:00,766.3162716,1
2017-09-08 00:00:00,763.8471385,1
2017-09-09 00:00:00,761.3727713,0
2017-09-10 00:00:00,758.8935185,0
2017-09-11 00:00:00,756.4097216,1
2017-09-12 00:00:00,753.9217151,1
2017-09-13 00:00:00,751.4298279,1
2017-09-14 00:00:00,748.9343833,1
2017-09-15 00:00:00,746.4356997,1
2017-09-16 00:00:00,743.9340916,0
2017-09-17 00:00:00,741.4298699,0
2017-09-18 00:00:00,738.9233424,1
2017-09-19 00:00:00,736.4148149,1
2017-09-20 00:00:00,733.9045915,1
2017-09-21 00:00:00,731.3929755,1
2017-09-22 00:00:00,728.8802695,1
2017-09-23 00:00:00,726.3667771,0
2017-09-24 00:00:00,723.8528023,0
2017-09-25 00:00:00,721.3386513,1
2017-09-26 00:00:00,718.8246324,1
2017-09-27 00:00:00,716.311057,1
2017-09-28 00:00:00,713.7982403,1
2017-09-29 00:00:00,711.2865018,1
2017-09-30 00:00:00,708.7761662,0
2017-10-01 00:00:00,706.2675639,0
2017-10-02 00:00:00,703.7610318,1
2017-10-03 00:00:00,701.256914,1
2017-10-04 00:00:00,698.7555625,1
2017-10-05 00:00:00,696.2573376,1
2017-10-06 00:00:00,693.762609,1
2017-10-07 00:00:00,691.2717565,0
2017-10-08 00:00:00,688.7851701,0
2017-10-09 00:00:00,686.3032515,0
2017-10-10 00:00:00,683.8264141,1
2017-10-11 00:00:00,681.3550842,1
2017-10-12 00:00:00,678.8897013,1
2017-10-13 00:00:00,676.4307189,1
2017-10-14 00:00:00,673.9786052,0
2017-10-15 00:00:00,671.5338438,0
2017-10-16 00:00:00,669.0969339,1
2017-10-17 00:00:00,666.6683918,1
2017-10-18 00:00:00,664.2487505,1
2017-10-19 00:00:00,661.8385611,1
2017-10-20 00:00:00,659.4383927,1
2017-10-21 00:00:00,657.0488336,0
2017-10-22 00:00:00,654.6704913,0
2017-10-23 00:00:00,652.3039933,1
2017-10-24 00:00:00,649.9499872,1
2017-10-25 00:00:00,647.6091415,1
2017-10-26 00:00:00,645.2821461,1
2017-10-27 00:00:00,642.9697119,1
2017-10-28 00:00:00,640.6725719,0
2017-10-29 00:00:00,638.391481,0
2017-10-30 00:00:00,636.1272163,1
2017-10-31 00:00:00,633.8805774,1
2017-11-01 00:00:00,631.6523861,1
2017-11-02 00:00:00,629.4434867,1
2017-11-03 00:00:00,627.254746,1
2017-11-04 00:00:00,625.0870527,0
2017-11-05 00:00:00,622.9413177,0
2017-11-06 00:00:00,620.8184735,1
2017-11-07 00:00:00,618.719474,1
2017-11-08 00:00:00,616.6452936,1
2017-11-09 00:00:00,614.5969273,1
2017-11-10 00:00:00,612.5753892,0
2017-11-11 00:00:00,610.5817124,0
2017-11-12 00:00:00,608.6169476,0
2017-11-13 00:00:00,606.6821626,1
2017-11-14 00:00:00,604.7784405,1
2017-11-15 00:00:00,602.9068791,1
2017-11-16 00:00:00,601.0685891,1
2017-11-17 00:00:00,599.2646928,1
2017-11-18 00:00:00,597.4963227,0
2017-11-19 00:00:00,595.7646192,0
2017-11-20 00:00:00,594.0707293,1
2017-11-21 00:00:00,592.4158045,1
2017-11-22 00:00:00,590.8009986,1
2017-11-23 00:00:00,589.2274657,0
2017-11-24 00:00:00,587.6963576,1
2017-11-25 00:00:00,586.2088219,0
2017-11-26 00:00:00,584.765999,0
2017-11-27 00:00:00,583.3690201,1
2017-11-28 00:00:00,582.0190039,1
2017-11-29 00:00:00,580.7170544,1
2017-11-30 00:00:00,579.4642578,1
2017-12-01 00:00:00,578.26168,1
2017-12-02 00:00:00,577.1103636,0
2017-12-03 00:00:00,576.0113246,0
2017-12-04 00:00:00,574.9655505,1
2017-12-05 00:00:00,573.9739963,1
2017-12-06 00:00:00,573.0375826,1
2017-12-07 00:00:00,572.1571922,1
2017-12-08 00:00:00,571.3336674,1
2017-12-09 00:00:00,570.5678078,0
2017-12-10 00:00:00,569.8603669,0
2017-12-11 00:00:00,569.2120506,1
2017-12-12 00:00:00,568.6235137,1
2017-12-13 00:00:00,568.0953588,1
2017-12-14 00:00:00,567.6281333,1
2017-12-15 00:00:00,567.2223281,1
2017-12-16 00:00:00,566.8783754,0
2017-12-17 00:00:00,566.5966475,0
2017-12-18 00:00:00,566.3774555,1
2017-12-19 00:00:00,566.2210477,1
2017-12-20 00:00:00,566.1276093,1
2017-12-21 00:00:00,566.0972611,1
2017-12-22 00:00:00,566.1300597,1
2017-12-23 00:00:00,566.2259967,0
2017-12-24 00:00:00,566.3849991,0
2017-12-25 00:00:00,566.6069294,0
2017-12-26 00:00:00,566.8915862,1
2017-12-27 00:00:00,567.2387047,1
2017-12-28 00:00:00,567.6479581,1
2017-12-29 00:00:00,568.1189581,1
2017-12-30 00:00:00,568.6512571,0
2017-12-31 00:00:00,569.2443491,0
2018-01-01 00:00:00,569.8976718,0
2018-01-02 00:00:00,570.6106085,1
2018-01-03 00:00:00,571.3824901,1
2018-01-04 00:00:00,572.2125977,1
2018-01-05 00:00:00,573.1001645,1
2018-01-06 00:00:00,574.0443787,0
2018-01-07 00:00:00,575.0443861,0
2018-01-08 00:00:00,576.0992925,1
2018-01-09 00:00:00,577.2081668,1
2018-01-10 00:00:00,578.3700435,1
2018-01-11 00:00:00,579.5839261,1
2018-01-12 00:00:00,580.8487892,1
2018-01-13 00:00:00,582.1635821,0
2018-01-14 00:00:00,583.5272313,0
2018-01-15 00:00:00,584.9386435,0
2018-01-16 00:00:00,586.3967082,1
2018-01-17 00:00:00,587.9003006,1
2018-01-18 00:00:00,589.4482846,1
2018-01-19 00:00:00,591.0395148,1
2018-01-20 00:00:00,592.6728397,0
2018-01-21 00:00:00,594.3471037,0
2018-01-22 00:00:00,596.0611496,1
2018-01-23 00:00:00,597.813821,1
2018-01-24 00:00:00,599.6039645,1
2018-01-25 00:00:00,601.4304313,1
2018-01-26 00:00:00,603.2920796,1
2018-01-27 00:00:00,605.1877764,0
2018-01-28 00:00:00,607.1163988,0
2018-01-29 00:00:00,609.0768361,1
2018-01-30 00:00:00,611.0679906,1
2018-01-31 00:00:00,613.0887798,1
2018-02-01 00:00:00,615.1381367,1
2018-02-02 00:00:00,617.2150116,1
2018-02-03 00:00:00,619.3183726,0
2018-02-04 00:00:00,621.447207,0
2018-02-05 00:00:00,623.6005213,1
2018-02-06 00:00:00,625.7773427,1
2018-02-07 00:00:00,627.9767192,1
2018-02-08 00:00:00,630.1977198,1
2018-02-09 00:00:00,632.4394356,1
2018-02-10 00:00:00,634.7009795,0
2018-02-11 00:00:00,636.9814864,0
2018-02-12 00:00:00,639.2801137,1
2018-02-13 00:00:00,641.5960409,1
2018-02-14 00:00:00,643.9284701,1
2018-02-15 00:00:00,646.2766252,1
2018-02-16 00:00:00,648.6397524,1
2018-02-17 00:00:00,651.0171194,0
2018-02-18 00:00:00,653.4080157,0
2018-02-19 00:00:00,655.8117518,0
2018-02-20 00:00:00,658.2276591,1
2018-02-21 00:00:00,660.6550894,1
2018-02-22 00:00:00,663.0934144,1
2018-02-23 00:00:00,665.5420254,1
2018-02-24 00:00:00,668.0003324,0
2018-02-25 00:00:00,670.4677642,0
2018-02-26 00:00:00,672.943767,1
2018-02-27 00:00:00,675.4278046,1
2018-02-28 00:00:00,677.9193571,1
2018-03-01 00:00:00,680.4179209,1
2018-03-02 00:00:00,682.9230074,1
2018-03-03 00:00:00,685.434143,0
2018-03-04 00:00:00,687.9508679,0
2018-03-05 00:00:00,690.4727357,1
2018-03-06 00:00:00,692.9993124,1
2018-03-07 00:00:00,695.5301762,1
2018-03-08 00:00:00,698.0649163,1
2018-03-09 00:00:00,700.6031324,1
2018-03-10 00:00:00,703.1444342,0
2018-03-11 00:00:00,705.6884401,0
2018-03-12 00:00:00,708.2347771,1
2018-03-13 00:00:00,710.7830796,1
2018-03-14 00:00:00,713.3329891,1
2018-03-15 00:00:00,715.8841531,1
2018-03-16 00:00:00,718.4362246,1
2018-03-17 00:00:00,720.9888614,0
2018-03-18 00:00:00,723.5417252,0
2018-03-19 00:00:00,726.0944811,1
2018-03-20 00:00:00,728.6467966,1
2018-03-21 00:00:00,731.1983414,1
2018-03-22 00:00:00,733.7487861,1
2018-03-23 00:00:00,736.2978019,1
2018-03-24 00:00:00,738.8450597,0
2018-03-25 00:00:00,741.3902297,0
2018-03-26 00:00:00,743.9329802,1
2018-03-27 00:00:00,746.4729776,1
2018-03-28 00:00:00,749.0098851,1
2018-03-29 00:00:00,751.5433622,1
2018-03-30 00:00:00,754.0730645,1
2018-03-31 00:00:00,756.5986423,0
2018-04-01 00:00:00,759.1197405,0
2018-04-02 00:00:00,761.6359978,1
2018-04-03 00:00:00,764.1470459,1
2018-04-04 00:00:00,766.6525091,1
2018-04-05 00:00:00,769.1520037,1
2018-04-06 00:00:00,771.6451372,1
2018-04-07 00:00:00,774.1315077,0
2018-04-08 00:00:00,776.6107037,0
2018-04-09 00:00:00,779.082303,1
2018-04-10 00:00:00,781.5458724,1
2018-04-11 00:00:00,784.0009675,1
2018-04-12 00:00:00,786.4471313,1
2018-04-13 00:00:00,788.8838947,1
2018-04-14 00:00:00,791.3107752,0
2018-04-15 00:00:00,793.7272768,0
2018-04-16 00:00:00,796.1328897,0
2018-04-17 00:00:00,798.5270895,1
2018-04-18 00:00:00,800.9093371,1
2018-04-19 00:00:00,803.279078,1
2018-04-20 00:00:00,805.6357424,1
2018-04-21 00:00:00,807.9787446,0
2018-04-22 00:00:00,810.3074827,0
2018-04-23 00:00:00,812.6213383,1
2018-04-24 00:00:00,814.9196768,1
2018-04-25 00:00:00,817.2018464,1
2018-04-26 00:00:00,819.4671787,1
2018-04-27 00:00:00,821.7149883,1
2018-04-28 00:00:00,823.9445728,0
2018-04-29 00:00:00,826.1552127,0
2018-04-30 00:00:00,828.3461718,1
2018-05-01 00:00:00,830.5166971,1
2018-05-02 00:00:00,832.6660187,1
2018-05-03 00:00:00,834.7933509,1
2018-05-04 00:00:00,836.8978914,1
2018-05-05 00:00:00,838.9788227,0
2018-05-06 00:00:00,841.0353119,0
2018-05-07 00:00:00,843.0665112,1
2018-05-08 00:00:00,845.0715591,1
2018-05-09 00:00:00,847.0495802,1
2018-05-10 00:00:00,848.9996868,1
2018-05-11 00:00:00,850.920979,1
2018-05-12 00:00:00,852.8125459,0
2018-05-13 00:00:00,854.6734668,0
2018-05-14 00:00:00,856.5028117,1
2018-05-15 00:00:00,858.299643,1
2018-05-16 00:00:00,860.0630163,1
2018-05-17 00:00:00,861.7919818,1
2018-05-18 00:00:00,863.4855861,1
2018-05-19 00:00:00,865.1428727,0
2018-05-20 00:00:00,866.7628846,0
2018-05-21 00:00:00,868.3446651,1
2018-05-22 00:00:00,869.8872598,1
2018-05-23 00:00:00,871.3897185,1
2018-05-24 00:00:00,872.8510964,1
2018-05-25 00:00:00,874.2704566,1
2018-05-26 00:00:00,875.6468718,0
2018-05-27 00:00:00,876.9794258,0
2018-05-28 00:00:00,878.2672162,0
2018-05-29 00:00:00,879.509356,1
2018-05-30 00:00:00,880.7049754,1
2018-05-31 00:00:00,881.8532247,1
2018-06-01 00:00:00,882.9532753,1
2018-06-02 00:00:00,884.0043225,0
2018-06-03 00:00:00,885.0055872,0
2018-06-04 00:00:00,885.9563183,1
2018-06-05 00:00:00,886.8557941,1
2018-06-06 00:00:00,887.7033247,1
2018-06-07 00:00:00,888.4982538,1
2018-06-08 00:00:00,889.2399605,1
2018-06-09 00:00:00,889.9278611,0
2018-06-10 00:00:00,890.5614106,0
2018-06-11 00:00:00,891.1401049,1
2018-06-12 00:00:00,891.6634812,1
2018-06-13 00:00:00,892.1311207,1
2018-06-14 00:00:00,892.5426486,1
2018-06-15 00:00:00,892.8977365,1
2018-06-16 00:00:00,893.1961021,0
2018-06-17 00:00:00,893.4375112,0
2018-06-18 00:00:00,893.6217777,1
2018-06-19 00:00:00,893.7487647,1
2018-06-20 00:00:00,893.8183843,1
2018-06-21 00:00:00,893.8305987,1
2018-06-22 00:00:00,893.7854195,1
2018-06-23 00:00:00,893.682908,0
2018-06-24 00:00:00,893.5231753,0
2018-06-25 00:00:00,893.3063815,1
2018-06-26 00:00:00,893.0327353,1
2018-06-27 00:00:00,892.7024935,1
2018-06-28 00:00:00,892.3159601,1
2018-06-29 00:00:00,891.8734851,1
2018-06-30 00:00:00,891.3754641,0
2018-07-01 00:00:00,890.8223363,0
2018-07-02 00:00:00,890.2145837,1
2018-07-03 00:00:00,889.5527293,1
2018-07-04 00:00:00,888.8373361,0
2018-07-05 00:00:00,888.0690047,1
2018-07-06 00:00:00,887.2483722,1
2018-07-07 00:00:00,886.3761102,0
2018-07-08 00:00:00,885.4529226,0
2018-07-09 00:00:00,884.4795444,1
2018-07-10 00:00:00,883.4567388,1
2018-07-11 00:00:00,882.3852962,1
2018-07-12 00:00:00,881.2660313,1
2018-07-13 00:00:00,880.0997816,1
2018-07-14 00:00:00,878.887405,0
2018-07-15 00:00:00,877.629778,0
2018-07-16 00:00:00,876.3277935,1
2018-07-17 00:00:00,874.9823588,1
2018-07-18 00:00:00,873.5943939,1
2018-07-19 00:00:00,872.1648288,1
2018-07-20 00:00:00,870.6946025,1
2018-07-21 00:00:00,869.1846604,0
2018-07-22 00:00:00,867.635953,0
2018-07-23 00:00:00,866.0494336,1
2018-07-24 00:00:00,864.4260571,1
2018-07-25 00:00:00,862.7667783,1
2018-07-26 00:00:00,861.0725499,1
2018-07-27 00:00:00,859.3443216,1
2018-07-28 00:00:00,857.5830383,0
2018-07-29 00:00:00,855.7896389,0
2018-07-30 00:00:00,853.965055,1
2018-07-31 00:00:00,852.11021,1
2018-08-01 00:00:00,850.2260173,1
2018-08-02 00:00:00,848.3133803,1
2018-08-03 00:00:00,846.3731904,1
2018-08-04 00:00:00,844.406327,0
2018-08-05 00:00:00,842.4136562,0
2018-08-06 00:00:00,840.3960303,1
2018-08-07 00:00:00,838.3542872,1
2018-08-08 00:00:00,836.2892498,1
2018-08-09 00:00:00,834.2017253,1
2018-08-10 00:00:00,832.0925053,1
2018-08-11 00:00:00,829.9623647,0
2018-08-12 00:00:00,827.8120622,0
2018-08-13 00:00:00,825.6423396,1
2018-08-14 00:00:00,823.4539217,1
2018-08-15 00:00:00,821.2475162,1
2018-08-16 00:00:00,819.0238137,1
2018-08-17 00:00:00,816.7834878,1
2018-08-18 00:00:00,814.5271948,0
2018-08-19 00:00:00,812.255574,0
2018-08-20 00:00:00,809.9692479,1
2018-08-21 00:00:00,807.6688224,1
2018-08-22 00:00:00,805.3548866,1
2018-08-23 00:00:00,803.0280135,1
2018-08-24 00:00:00,800.6887601,1
2018-08-25 00:00:00,798.3376677,0
2018-08-26 00:00:00,795.9752622,0
2018-08-27 00:00:00,793.6020547,1
2018-08-28 00:00:00,791.2185414,1
2018-08-29 00:00:00,788.8252047,1
2018-08-30 00:00:00,786.4225127,1
2018-08-31 00:00:00,784.0109208,1
2018-09-01 00:00:00,781.5908712,0
2018-09-02 00:00:00,779.1627939,0
2018-09-03 00:00:00,776.7271068,0
2018-09-04 00:00:00,774.284217,1
2018-09-05 00:00:00,771.8345202,1
2018-09-06 00:00:00,769.3784024,1
2018-09-07 00:00:00,766.9162394,1
2018-09-08 00:00:00,764.4483984,0
2018-09-09 00:00:00,761.9752377,0
2018-09-10 00:00:00,759.4971076,1
2018-09-11 00:00:00,757.0143513,1
2018-09-12 00:00:00,754.527305,1
2018-09-13 00:00:00,752.0362988,1
2018-09-14 00:00:00,749.5416573,1
2018-09-15 00:00:00,747.0437001,0
2018-09-16 00:00:00,744.5427424,0
2018-09-17 00:00:00,742.0390959,1
2018-09-18 00:00:00,739.5330693,1
2018-09-19 00:00:00,737.0249686,1
2018-09-20 00:00:00,734.5150982,1
2018-09-21 00:00:00,732.0037616,1
2018-09-22 00:00:00,729.4912616,0
2018-09-23 00:00:00,726.9779013,0
2018-09-24 00:00:00,724.4639846,1
2018-09-25 00:00:00,721.949817,1
2018-09-26 00:00:00,719.4357062,1
2018-09-27 00:00:00,716.9219629,1
2018-09-28 00:00:00,714.4089011,1
2018-09-29 00:00:00,711.8968393,0
2018-09-30 00:00:00,709.3861008,0
2018-10-01 00:00:00,706.8770146,1
2018-10-02 00:00:00,704.3699158,1
2018-10-03 00:00:00,701.8651468,1
2018-10-04 00:00:00,699.3630574,1
2018-10-05 00:00:00,696.864006,1
2018-10-06 00:00:00,694.3683598,0
2018-10-07 00:00:00,691.8764961,0
2018-10-08 00:00:00,689.3888023,0
2018-10-09 00:00:00,686.9056772,1
2018-10-10 00:00:00,684.4275312,1
2018-10-11 00:00:00,681.9547875,1
2018-10-12 00:00:00,679.4878822,1
2018-10-13 00:00:00,677.0272653,0
2018-10-14 00:00:00,674.5734014,0
2018-10-15 00:00:00,672.1267702,1
2018-10-16 00:00:00,669.6878672,1
2018-10-17 00:00:00,667.2572043,1
2018-10-18 00:00:00,664.8353103,1
2018-10-19 00:00:00,662.422732,1
2018-10-20 00:00:00,660.020034,0
2018-10-21 00:00:00,657.6277998,0
2018-10-22 00:00:00,655.2466323,1
2018-10-23 00:00:00,652.8771538,1
2018-10-24 00:00:00,650.5200072,1
2018-10-25 00:00:00,648.1758559,1
2018-10-26 00:00:00,645.8453843,1
2018-10-27 00:00:00,643.5292983,0
2018-10-28 00:00:00,641.2283255,0
2018-10-29 00:00:00,638.9432154,1
2018-10-30 00:00:00,636.6747398,1
2018-10-31 00:00:00,634.4236926,1
2018-11-01 00:00:00,632.1908903,1
2018-11-02 00:00:00,629.9771718,1
2018-11-03 00:00:00,627.7833982,0
2018-11-04 00:00:00,625.6104532,0
2018-11-05 00:00:00,623.4592421,1
2018-11-06 00:00:00,621.3306923,1
2018-11-07 00:00:00,619.2257524,1
2018-11-08 00:00:00,617.1453921,1
2018-11-09 00:00:00,615.0906012,1
2018-11-10 00:00:00,613.0623895,0
2018-11-11 00:00:00,611.0617853,0
2018-11-12 00:00:00,609.0898354,0
2018-11-13 00:00:00,607.1476034,1
2018-11-14 00:00:00,605.2361688,1
2018-11-15 00:00:00,603.3566261,1
2018-11-16 00:00:00,601.5100829,1
2018-11-17 00:00:00,599.6976589,0
2018-11-18 00:00:00,597.9204843,0
2018-11-19 00:00:00,596.1796978,1
2018-11-20 00:00:00,594.476445,1
2018-11-21 00:00:00,592.8118766,1
2018-11-22 00:00:00,591.1871461,0
2018-11-23 00:00:00,589.6034076,1
2018-11-24 00:00:00,588.0618139,0
2018-11-25 00:00:00,586.5635139,0
2018-11-26 00:00:00,585.1096501,1
2018-11-27 00:00:00,583.7013561,1
2018-11-28 00:00:00,582.339754,1
2018-11-29 00:00:00,581.0259517,1
2018-11-30 00:00:00,579.7610402,1
2018-12-01 00:00:00,578.5460906,0
2018-12-02 00:00:00,577.3821514,0
2018-12-03 00:00:00,576.2702457,1
2018-12-04 00:00:00,575.2113679,1
2018-12-05 00:00:00,574.2064816,1
2018-12-06 00:00:00,573.2565159,1
2018-12-07 00:00:00,572.3623632,1
2018-12-08 00:00:00,571.524876,0
2018-12-09 00:00:00,570.7448647,0
2018-12-10 00:00:00,570.0230943,1
2018-12-11 00:00:00,569.3602825,1
2018-12-12 00:00:00,568.7570969,1
2018-12-13 00:00:00,568.2141531,1
2018-12-14 00:00:00,567.7320122,1
2018-12-15 00:00:00,567.3111791,0
2018-12-16 00:00:00,566.9521004,0
2018-12-17 00:00:00,566.6551635,1
2018-12-18 00:00:00,566.4206942,1
2018-12-19 00:00:00,566.2489565,1
2018-12-20 00:00:00,566.140151,1
2018-12-21 00:00:00,566.0944143,1
2018-12-22 00:00:00,566.1118187,0
2018-12-23 00:00:00,566.1923718,0
2018-12-24 00:00:00,566.3360162,1
2018-12-25 00:00:00,566.5426301,0
2018-12-26 00:00:00,566.8120278,1
2018-12-27 00:00:00,567.1439598,1
2018-12-28 00:00:00,567.5381143,1
2018-12-29 00:00:00,567.994118,0
2018-12-30 00:00:00,568.5115375,0
2018-12-31 00:00:00,569.0898808,1
